PDB	WT	POS	MT	DDG
P0A9D2	S	11	A	-1.8
P00149	A	125	H	-2.69
P00149	A	87	H	-1.98
P00149	A	112	H	-1.7
P00149	D	24	H	-1.36
P00149	D	79	H	-2.05
P00149	E	94	H	-3.01
P00149	K	34	H	-0.6
P00149	K	41	H	-2.88
P00149	K	52	H	-1.36
P00149	K	60	H	-1.86
P00149	K	70	H	-2.02
P00149	K	105	H	-2.88
P00149	K	118	H	-1.97
P08659	H	461	D	-1.745
P08659	H	489	D	0.287
P08659	H	489	K	-0.287
P08659	H	489	M	-0.263
P19267	M	35	W	-0.7
P19267	M	35	Y	-0.4
P39060	D	1647	A	-0.821
Q12923	H	1431	Y	-0.04
Q12923	I	1380	F	0.91
P02417	D	23	A	-0.46
P02417	D	23	N	-0.58
P02417	D	8	N	-0.3
P02417	E	100	A	-0.98
P02417	E	100	G	-1.52
P02417	E	17	Q	-0.21
P02417	E	38	Q	-0.56
P02417	E	48	Q	0.03
P02417	E	54	Q	0.33
P02417	H	106	Q	-1.53
P02417	H	134	Q	-0.34
P02417	H	144	Q	-0.56
P02417	I	115	A	-3.52
P02417	I	121	A	-2.88
P02417	I	4	A	-2.22
P02417	I	4	V	-0.59
P02417	I	79	A	-3.49
P02417	I	93	A	-3.19
P02417	I	98	A	-4.28
P02417	K	10	M	0.05
P02417	K	14	M	0.01
P02417	K	15	M	-0.31
P02417	K	7	M	0.35
P02417	K	96	A	0.61
P02417	K	96	G	-0.2
P02417	L	102	A	-2.37
P02417	L	108	A	-2.33
P02417	L	110	A	-3.21
P02417	L	117	A	-0.82
P02417	L	133	A	-2.94
P02417	L	141	A	-3.56
P02417	L	30	A	-2.76
P02417	L	30	V	-3.62
P02417	L	6	A	-3.1
P02417	L	6	I	-0.13
P02417	L	6	V	-0.41
P02417	L	72	A	-3.77
P02417	M	1	A	-1.46
P02417	M	1	G	-2.36
P02417	V	129	A	-1.81
P02417	V	131	A	-1.93
P02417	V	137	A	-2.41
P02417	V	143	A	-3.25
P02417	V	145	A	-1.92
P02417	V	21	A	-2.33
P02417	V	21	I	-0.4
P02417	V	21	L	-1.23
P02417	V	3	A	-2.55
P02417	V	3	I	-0.31
P02417	V	3	L	-2.21
P11532	K	18	N	-3.7
Q16595	L	198	C	-1.0
Q16595	L	200	C	-2.0
Q16595	L	203	C	1.0
Q16595	S	181	F	-2.6
P9WKK7	F	345	A	-0.455
P11053	H	43	R	4.0
Q9UBU9	I	264	V	-0.64
Q9UBU9	L	212	V	-1.38
Q9UBU9	L	238	I	-0.35
Q9UBU9	L	267	I	-0.11
Q9UBU9	L	293	I	-0.8
Q9UBU9	L	293	V	-1.41
Q9UBU9	L	315	A	-1.65
Q9UBU9	L	317	I	-0.85
Q9UBU9	L	348	I	-0.53
Q9UBU9	L	349	I	0.05
Q9UBU9	M	216	L	0.27
Q9UBU9	S	339	A	0.32
Q9UBU9	V	287	A	-0.16
P0A3C7	E	95	D	-1.1
P0A3C7	E	95	K	-0.4
P0A3C7	E	95	Q	0.6
P0A3C7	E	96	K	1.0
P0A3C7	F	66	A	-1.0
P0A3C7	F	66	I	-0.9
P0A3C7	F	66	W	-0.6
P0A3C7	F	66	Y	-0.5
P0A3C7	R	43	A	-2.4
P0A3C7	R	43	H	-1.4
P0A3C7	T	49	A	0.1
P69168	A	165	K	-0.287
P69168	D	178	A	-0.263
P69168	D	178	C	-0.096
P69168	D	178	E	-0.359
P69168	D	178	F	-0.359
P69168	D	178	G	-0.669
P69168	D	178	H	0.048
P69168	D	178	I	-0.932
P69168	D	178	K	-0.335
P69168	D	178	L	-0.55
P69168	D	178	M	-0.502
P69168	D	178	N	0.07200000000000001
P69168	D	178	P	-0.645
P69168	D	178	Q	-0.478
P69168	D	178	R	-0.669
P69168	D	178	S	-0.287
P69168	D	178	T	-0.741
P69168	D	178	V	-1.123
P69168	D	178	W	-0.16699999999999998
P69168	D	178	Y	-0.07200000000000001
P69168	F	154	V	-3.705
P69168	N	156	G	0.765
P69168	N	157	K	-0.43
P69168	N	157	V	-2.032
P69168	Q	155	N	-1.793
P69168	Q	163	N	0.263
P69168	R	162	V	0.765
P06536	C	500	A	-1.22
P04049	A	118	G	-1.963
P04049	A	118	L	-1.951
P04049	A	85	G	-2.149
P04049	A	97	G	-0.863
P04049	C	81	A	0.28300000000000003
P04049	C	81	I	-0.912
P04049	C	95	A	-0.08
P04049	C	96	A	-1.759
P04049	C	96	L	-0.043
P04049	C	96	M	-0.337
P04049	D	117	A	-0.706
P04049	D	129	A	-0.855
P04049	D	80	A	-0.493
P04049	E	104	A	0.021
P04049	E	124	A	-0.101
P04049	E	125	A	-0.591
P04049	I	58	A	-3.274
P04049	I	58	F	-1.2990000000000002
P04049	I	58	L	-0.7709999999999999
P04049	K	109	A	-0.327
P04049	L	112	A	-2.593
P04049	L	121	A	-2.5340000000000003
P04049	L	126	A	-3.405
P04049	L	62	A	-3.46
P04049	L	78	A	-3.803
P04049	L	82	A	-3.529
P04049	L	82	I	-1.6
P04049	L	82	V	-1.7
P04049	L	86	A	-3.2260000000000004
P04049	L	91	A	-1.575
P04049	M	76	A	-0.961
P04049	N	56	M	0.271
P04049	N	64	A	-1.14
P04049	P	63	A	-1.7080000000000002
P04049	P	93	A	-0.08199999999999999
P04049	Q	66	A	-0.504
P04049	R	100	A	-0.693
P04049	R	59	A	0.17800000000000002
P04049	R	89	L	1.078
P04049	S	77	A	-1.5730000000000002
P04049	S	77	T	0.581
P04049	T	68	A	-0.109
P04049	V	128	A	-3.3680000000000003
P04049	V	60	A	-2.251
P04049	V	69	A	-1.116
P04049	V	70	A	-1.77
P04049	V	72	A	-1.052
P04049	V	72	I	-0.8640000000000001
P04049	V	98	A	-1.981
P07845	A	8	D	-1.6
P60849	P	18	A	-1.936
P60849	P	62	A	-2.5810000000000004
P03372	C	245	A	-2.09
P03372	C	245	S	-1.99
P02654	G	41	A	0.4
P06213	W	1202	F	0.6
P05112	C	48	T	-3.3
P05112	C	27	T	-5.0
P05112	W	115	S	1.4
P47992	K	46	A	0.1
P47992	K	87	A	0.1
P47992	R	44	A	0.8
P47992	R	56	A	-0.1
P47992	R	64	A	0.7
P47992	R	30	A	-0.1
P01133	A	995	C	-1.44
Q7KIF2	E	64	D	-1.162
Q7KIF2	E	64	N	-2.3040000000000003
Q7KIF2	E	64	Q	-2.302
Q10ST8	F	66	A	-1.6969999999999998
Q10ST8	Y	72	A	-0.55
Q10ST8	Y	75	A	-1.482
P04517	E	2143	G	1.4
P04517	K	2082	F	0.43
P04517	L	2093	V	0.0
P04517	Q	2095	F	0.6
P04517	S	2172	G	0.0
P00441	E	101	G	-2.5
P00441	G	86	R	-1.4
P00441	H	47	R	1.4
P00441	V	149	I	0.1
Q9RA57	F	21	A	-1.39
Q9RA57	I	39	A	-1.39
Q9RA57	I	80	A	-2.79
Q9RA57	I	89	A	-2.35
Q9RA57	I	8	V	-1.52
Q9RA57	L	13	A	-1.52
Q9RA57	L	57	A	-1.11
Q9RA57	V	12	A	-1.94
Q9RA57	V	30	A	-2.84
Q9RA57	V	43	A	-2.82
Q9RA57	V	49	A	-2.83
Q9RA57	V	51	A	-3.24
Q9RA57	V	54	A	-3.73
Q9RA57	V	81	A	-2.82
Q9RA57	V	83	A	-3.1
Q9RA57	Y	18	A	0.06
Q9RA57	Y	26	A	-4.61
P07830	D	188	N	-0.88
P07830	D	188	Y	-1.9
P51161	E	111	A	-3.3
P51161	N	62	A	-1.2
P51161	Q	52	A	-0.3
P51161	Q	100	A	0.3
P51161	T	39	A	-1.2
P51161	W	50	Y	-1.2
P48052	A	46	G	-1.2
P48052	A	65	G	-1.4
P48052	D	53	A	0.36
P48052	E	29	A	-0.3
P48052	E	35	G	-1.42
P48052	F	54	L	-1.88
P48052	F	80	A	-0.98
P48052	H	66	A	-0.61
P48052	I	30	V	-0.43
P48052	I	38	V	0.42
P48052	I	86	V	-1.31
P48052	I	90	A	-1.31
P48052	K	56	A	-1.98
P48052	L	41	V	-0.97
P48052	N	73	A	-0.08
P48052	Q	75	G	-0.49
P48052	V	27	A	-1.1
P48052	V	67	A	-1.08
P48052	V	79	G	-1.1
P48052	Y	88	L	-2.78
Q5SIY4	I	11	V	-0.05
Q5SIY4	S	92	F	0.39
Q5SIY4	V	126	M	-2.25
Q5SIY4	V	15	I	-0.78
P07737	A	21	T	-1.53
P07737	G	118	V	-1.96
P07737	M	114	T	-3.53
P07737	Q	139	L	1.82
P07737	T	109	M	0.07
P09167	C	182	S	-2.4
P37231	E	488	K	-0.17
P37231	F	388	L	-0.4
P37231	P	495	L	0.11
P37231	Q	314	P	-0.3
P37231	R	316	H	0.06
P37231	R	385	A	0.19
P37231	V	318	M	0.03
P84131	R	244	E	-4.2
P12823	I	88	N	-0.13
P12823	L	50	S	-2.81
P12823	L	54	S	-0.24
P12823	L	81	N	-6.84
P00441	C	112	S	0.8
P00441	C	7	A	0.1
P25440	D	160	N	-4.1
P25440	D	160	Y	-4.02
P25440	D	161	N	-2.21
P25440	D	161	Y	-3.38
P25440	E	140	K	-3.48
P25440	R	100	L	-5.22
P25440	Y	153	H	-6.49
P11309	E	124	Q	-2.9
P11309	E	135	K	-4.59
P11309	E	142	D	-3.22
P11309	Y	53	H	-3.3
P18429	N	209	R	0.358
P18429	N	60	D	-0.86
P18429	N	82	E	-0.645
P18429	S	50	E	0.239
P18429	S	55	E	-0.645
P54178	F	61	W	2.87
P54178	W	120	F	-2.89
P54178	W	55	A	-8.93
P54178	W	55	F	-4.25
P35670	H	1069	Q	-0.7170000000000001
Q97ZL0	V	84	D	-4.493
Q97ZL0	V	84	P	-4.517
Q97ZL0	Y	86	E	-2.103
P12376	Y	103	F	-0.012
P12376	Y	103	W	-1.233
P61769	H	33	F	0.12
P61769	H	51	F	2.605
P61769	H	71	F	-1.912
P61769	H	104	A	-2.629
P25440	Q	443	H	0.89
P25440	R	419	W	-0.02
P12497	E	12	A	1.07
P02417	A	22	G	-0.32
P02417	A	26	G	-1.79
P02417	A	36	G	-1.55
P02417	A	39	G	-1.59
P02417	A	42	G	-0.33
P02417	A	46	G	-0.55
P02417	A	49	G	-0.22
P02417	D	23	A	-0.03
P02417	D	23	N	-0.79
P02417	D	8	A	-1.3
P02417	D	8	N	-0.38
P02417	E	17	A	-1.69
P02417	E	17	Q	-0.33
P02417	E	38	A	-0.41
P02417	E	38	Q	-0.68
P02417	E	48	Q	0.07
P02417	F	31	A	-2.84
P02417	F	5	L	-1.15
P02417	G	24	A	0.02
P02417	G	34	A	-1.02
P02417	I	18	A	-2.05
P02417	I	18	V	-0.07
P02417	I	37	A	-1.28
P02417	I	37	V	0.09
P02417	I	4	V	-0.59
P02417	K	10	E	0.13
P02417	K	10	M	0.47
P02417	K	12	A	0.61
P02417	K	12	G	0.03
P02417	K	12	M	1.8
P02417	K	14	A	-0.73
P02417	K	14	G	-1.3
P02417	K	14	M	-0.34
P02417	K	15	G	-1.74
P02417	K	15	M	-0.44
P02417	K	7	M	0.21
P02417	L	30	A	-2.76
P02417	L	35	A	-1.21
P02417	L	44	A	-1.73
P02417	L	47	A	-0.84
P02417	L	6	A	-3.1
P02417	M	1	A	-1.46
P02417	T	40	S	-0.8
P02417	V	21	A	-2.33
P02417	V	3	A	-2.55
P02417	V	9	A	-1.81
P22505	C	170	A	2.997
P22505	C	170	Q	2.5810000000000004
P22505	E	157	D	-2.075
P22505	E	167	A	4.247
P22505	E	225	A	-4.36
P22505	E	225	H	-1.515
P22505	E	409	A	0.825
P22505	E	409	D	-0.909
P22505	E	426	S	0.87
P22505	F	418	A	-0.165
P22505	H	104	R	1.536
P22505	I	247	E	1.241
P22505	I	247	N	0.974
P22505	L	174	A	-0.79
P22505	L	174	R	0.336
P22505	M	224	A	-4.098
P22505	M	326	A	-1.298
P22505	N	166	A	-3.397
P22505	N	166	C	-2.964
P22505	N	223	A	-0.6709999999999999
P22505	N	223	G	3.462
P22505	N	223	H	2.583
P22505	N	223	R	3.976
P22505	N	223	Y	5.73
P22505	N	296	A	-2.25
P22505	N	296	C	-0.017
P22505	N	407	A	0.464
P22505	N	407	C	0.14300000000000002
P22505	Q	22	S	-0.209
P22505	R	243	A	-0.166
P22505	R	243	D	0.213
P22505	R	243	K	-1.463
P22505	S	17	A	-1.246
P22505	S	19	A	0.951
P22505	S	334	A	-1.454
P22505	S	403	A	0.92
P22505	T	18	A	-0.994
P22505	T	221	A	3.189
P22505	T	355	A	-2.9610000000000003
P22505	W	123	F	2.19
P22505	W	123	H	1.06
P22505	W	328	A	-1.159
P22505	W	328	C	-2.664
P22505	W	328	H	-2.573
P22505	W	328	R	-0.95
P22505	W	402	C	-0.36
P22505	W	402	R	2.615
P22505	W	412	Y	0.599
P22505	Y	21	A	-3.443
P22505	Y	297	A	1.072
P22505	Y	297	F	-1.853
Q06525	C	264	D	-2.54
Q06525	C	264	S	-0.71
Q06525	R	225	A	-1.75
Q03689	D	288	A	1.2
Q03689	E	272	A	1.9
Q03689	G	278	A	-0.8
Q03689	K	229	A	1.5
Q03689	L	241	A	1.0
Q03689	S	273	A	1.4
Q03689	V	239	A	1.0
Q03689	V	264	A	1.0
Q03689	V	267	A	0.2
P81662	D	9	A	1.26
P81662	E	2	A	-0.23
Q15582	L	558	P	-1.57
Q15582	L	569	R	-3.11
Q15582	M	619	K	-3.34
Q15582	R	533	Q	-1.1
Q15582	R	555	Q	-0.36
Q15582	R	555	W	1.79
P26747	D	302	A	-4.0
P26747	H	305	A	-2.0
O15553	A	89	T	-0.24
O15553	R	42	A	0.62
O15553	R	42	W	2.08
O43353	P	521	A	-0.6
Q99728	I	738	V	-2.0
Q99728	R	658	C	-2.3
O60885	A	420	D	0.44
O34627	A	33	Y	0.5
O34627	A	81	M	-0.4
O34627	D	109	E	0.3
O34627	H	22	K	0.3
O34627	H	22	W	1.2
O34627	M	111	F	2.9
O34627	N	107	F	0.9
O34627	N	107	Y	0.8
O34627	N	124	F	1.1
O34627	N	124	Y	2.6
O34627	T	30	M	0.5
O34627	T	50	M	-0.5
O34627	T	54	Y	0.2
O34627	V	120	I	1.4
O34627	V	25	I	0.4
O34627	V	88	L	-0.2
O34627	V	90	I	-0.7
Q53291	A	45	G	-2.43
Q53291	A	50	P	0.1
Q53291	A	50	V	-0.83
Q53291	A	57	G	-2.17
Q53291	A	57	V	1.47
Q53291	A	66	G	-2.54
Q53291	A	70	G	-3.1
Q53291	A	72	G	-1.32
Q53291	A	74	G	-3.12
Q53291	A	89	G	-0.49
Q53291	D	75	A	-1.21
Q53291	D	75	G	-2.14
Q53291	D	87	A	-0.2
Q53291	E	58	A	-0.59
Q53291	E	69	G	-1.19
Q53291	E	69	I	-1.08
Q53291	E	83	A	-0.23
Q53291	F	49	A	-3.12
Q53291	F	49	L	-0.68
Q53291	F	59	A	-4.15
Q53291	F	59	L	-3.12
Q53291	F	63	G	-3.08
Q53291	F	63	L	-0.38
Q53291	F	99	L	-3.34
Q53291	F	99	V	-3.73
Q53291	G	52	A	-1.52
Q53291	G	52	V	-2.53
Q53291	G	61	A	-2.08
Q53291	G	82	A	-2.23
Q53291	G	92	A	-2.04
Q53291	I	43	A	-4.9
Q53291	I	43	V	-0.56
Q53291	I	48	A	-1.37
Q53291	I	48	V	-0.47
Q53291	I	97	A	-4.72
Q53291	I	97	V	-1.69
Q53291	K	44	A	-0.92
Q53291	K	60	A	-0.88
Q53291	K	65	G	0.16
Q53291	K	78	A	0.58
Q53291	K	79	A	0.35
Q53291	K	91	A	-0.09
Q53291	K	98	A	-0.45
Q53291	L	47	A	-3.12
Q53291	L	77	A	-2.44
Q53291	L	95	A	-3.77
Q53291	N	46	A	-1.87
Q53291	N	51	A	-1.78
Q53291	N	81	A	-0.34
Q53291	N	96	A	-1.73
Q53291	S	53	A	-0.3
Q53291	S	68	A	0.41
Q53291	S	68	G	-0.82
Q53291	T	42	A	-1.63
Q53291	T	54	A	-1.17
Q53291	T	56	A	-1.11
Q53291	T	62	A	-1.25
Q53291	T	67	A	-1.09
Q53291	T	76	G	-0.17
Q53291	T	85	A	-0.97
Q53291	T	94	A	-1.83
Q53291	V	41	A	-1.22
Q53291	V	86	A	-0.92
Q53291	V	88	A	-1.14
Q53291	Y	71	A	-2.82
Q53291	Y	73	A	-2.46
Q53291	Y	93	A	-1.66
Q53291	Y	93	L	0.43
P15891	E	540	L	1.05
P15891	V	554	K	0.39
O73951	D	287	A	-5.975
O73951	E	53	A	-6.597
P40040	D	14	A	0.3
P40040	D	37	A	0.1
P40040	D	38	A	-2.2
P40040	D	38	N	-2.6
P40040	E	39	Q	-0.1
P40040	E	40	G	-0.4
P40040	I	35	A	-0.9
P40040	I	35	V	-0.3
P40040	K	13	A	-0.4
P40040	K	13	G	-1.9
P40040	K	18	A	-0.3
P40040	K	27	A	-0.6
P40040	L	12	A	-0.5
P40040	L	15	A	-1.3
P40040	L	7	A	-2.0
P40040	Q	11	A	-0.6
P40040	Q	11	G	-2.0
P40040	Q	32	A	0.1
P40040	R	33	A	-0.8
P40040	S	22	A	-0.6
P40040	S	5	A	0.1
P40040	S	5	G	-0.2
P40040	T	8	S	0.1
P40040	V	9	A	-0.1
P40040	V	9	G	-0.7
P40040	V	10	A	0.4
P40040	V	10	G	0.1
P40040	V	23	A	-0.5
P40040	Y	4	F	-2.4
P03069	E	259	Q	-0.74
P03069	E	268	Q	0.2
P03069	E	270	Q	-1.83
P03069	K	263	A	-0.41
P03069	K	275	A	-0.91
P03069	K	276	A	-0.06
P03069	K	256	A	-0.39
P03069	R	273	A	-1.66
Q9EYL5	E	114	Q	1.369
Q9EYL5	T	171	V	-1.137
O66523	I	20	V	-1.506
P51608	D	156	E	0.88
P51608	F	155	S	0.43
P51608	L	100	V	1.11
P51608	P	152	R	1.46
P51608	R	106	Q	0.12
P51608	R	106	W	0.04
P51608	R	111	G	-0.43
P51608	R	133	C	0.37
P51608	R	133	H	0.24
P51608	S	134	C	1.05
P51608	T	158	A	0.47
P51608	T	158	M	0.25
P37957	M	165	E	3.02
P37957	M	168	P	3.34
P37957	S	194	P	2.11
P0A780	D	118	A	-0.65
P0A780	D	118	E	-0.6
P0A780	D	118	K	-1.6
P0A780	D	118	N	-1.34
P0A780	D	118	R	-1.41
P11961	A	131	G	-1.7
P11961	A	139	G	-2.3
P11961	A	165	G	-0.9
P11961	A	168	G	-0.3
P11961	D	145	A	-2.1
P11961	D	145	N	-0.9
P11961	D	162	N	-2.0
P11961	D	164	A	-2.3
P11961	D	164	G	-3.7
P11961	D	164	N	-1.9
P11961	E	141	A	-0.7
P11961	E	141	Q	-0.4
P11961	I	130	A	-0.7
P11961	I	130	G	-1.4
P11961	I	130	V	-0.2
P11961	I	146	A	-2.7
P11961	I	146	V	-1.2
P11961	I	163	V	-0.5
P11961	L	159	A	-2.0
P11961	L	159	G	-1.9
P11961	L	159	V	-0.6
P11961	L	167	A	-1.2
P11961	L	167	V	-0.2
P11961	V	129	A	-0.7
P11961	V	129	G	-1.0
P11961	V	135	A	-1.5
P11961	V	144	A	-2.0
P11961	V	149	A	-2.8
P11961	V	149	G	-4.1
P11961	V	158	A	-3.2
P11961	Y	138	F	-2.0
P00441	H	47	R	0.8
P0A6R3	P	61	A	-0.5
P03322	D	394	Y	0.34
P03322	F	406	Y	-0.74
P03322	I	429	V	-0.17
P03322	R	424	W	1.32
P78352	E	334	L	-3.35
P78352	E	334	Q	-1.68
P78352	E	401	R	5.49
Q15562	Y	442	H	-3.23
P02882	R	39	G	1.194
P02882	W	3	C	-2.866
Q8XDZ4	F	138	I	-1.81
Q8XDZ4	F	138	L	-1.64
Q8XDZ4	H	119	L	-0.58
Q8XDZ4	L	55	P	-3.25
Q8XDZ4	Q	123	L	-2.0
Q8XDZ4	Q	72	L	-0.05
Q16595	D	122	Y	-1.3
Q16595	G	130	V	-2.5
Q16595	I	154	F	0.096
Q16595	W	155	R	-0.693
Q15059	H	395	R	2.03
O60885	A	89	V	0.99
A2IC68	Y	146	A	0.89
A2IC68	Y	57	A	-1.435
P56552	A	19	D	-0.24
P56552	A	19	G	0.06
P56552	A	19	K	-0.46
P04080	H	75	W	0.574
P04080	P	36	G	-1.362
P04080	P	79	S	1.745
Q9GZQ8	K	49	A	0.1
Q9GZQ8	K	51	A	-2.07
Q9GZQ8	R	11	A	-0.44
Q9QZH4	V	133	T	-0.71
P80386	T	134	V	-0.93
P78352	D	332	G	-1.44
P78352	D	332	P	-1.44
Q15561	Y	429	H	-2.99
E0WVU4	R	39	K	0.413
E0WVU4	S	128	G	-0.378
E0WVU4	V	183	T	0.354
1fh5H	S	15	N	0.6
1iv7B	A	73	C	0.5
1iv7B	F	89	C	-2.5
1iv7B	L	62	C	-1.9
1iv9A	S	76	Y	4.2989999999999995
