PDB	WT	POS	MT	DDG	PDB_ID_FINAL	PDB_POS_FINAL	OFFSET
P0A9D2	S	11	A	-1.8	1a0fA	11	0
P00149	A	125	H	-2.69	1a7vA	104	21
P00149	A	87	H	-1.98	1a7vA	66	21
P00149	A	112	H	-1.7	1a7vA	91	21
P00149	D	24	H	-1.36	1a7vA	3	21
P00149	D	79	H	-2.05	1a7vA	58	21
P00149	E	94	H	-3.01	1a7vA	73	21
P00149	K	34	H	-0.6	1a7vA	13	21
P00149	K	41	H	-2.88	1a7vA	20	21
P00149	K	52	H	-1.36	1a7vA	31	21
P00149	K	60	H	-1.86	1a7vA	39	21
P00149	K	70	H	-2.02	1a7vA	49	21
P00149	K	105	H	-2.88	1a7vA	84	21
P00149	K	118	H	-1.97	1a7vA	97	21
P08659	H	461	D	-1.745	1ba3A	461	0
P08659	H	489	D	0.287	1ba3A	489	0
P08659	H	489	K	-0.287	1ba3A	489	0
P08659	H	489	M	-0.263	1ba3A	489	0
P19267	M	35	W	-0.7	1bfmA	35	0
P19267	M	35	Y	-0.4	1bfmA	35	0
P39060	D	1647	A	-0.821	1bnlA	76	1571
Q12923	H	1431	Y	-0.04	1d5gA	71	1360
Q12923	I	1380	F	0.91	1d5gA	20	1360
P02417	D	23	A	-0.46	1divA	23	0
P02417	D	23	N	-0.58	1divA	23	0
P02417	D	8	N	-0.3	1divA	8	0
P02417	E	100	A	-0.98	1divA	100	0
P02417	E	100	G	-1.52	1divA	100	0
P02417	E	17	Q	-0.21	1divA	17	0
P02417	E	38	Q	-0.56	1divA	38	0
P02417	E	48	Q	0.03	1divA	48	0
P02417	E	54	Q	0.33	1divA	54	0
P02417	H	106	Q	-1.53	1divA	106	0
P02417	H	134	Q	-0.34	1divA	134	0
P02417	H	144	Q	-0.56	1divA	144	0
P02417	I	115	A	-3.52	1divA	115	0
P02417	I	121	A	-2.88	1divA	121	0
P02417	I	4	A	-2.22	1divA	4	0
P02417	I	4	V	-0.59	1divA	4	0
P02417	I	79	A	-3.49	1divA	79	0
P02417	I	93	A	-3.19	1divA	93	0
P02417	I	98	A	-4.28	1divA	98	0
P02417	K	10	M	0.05	1divA	10	0
P02417	K	14	M	0.01	1divA	14	0
P02417	K	15	M	-0.31	1divA	15	0
P02417	K	7	M	0.35	1divA	7	0
P02417	K	96	A	0.61	1divA	96	0
P02417	K	96	G	-0.2	1divA	96	0
P02417	L	102	A	-2.37	1divA	102	0
P02417	L	108	A	-2.33	1divA	108	0
P02417	L	110	A	-3.21	1divA	110	0
P02417	L	117	A	-0.82	1divA	117	0
P02417	L	133	A	-2.94	1divA	133	0
P02417	L	141	A	-3.56	1divA	141	0
P02417	L	30	A	-2.76	1divA	30	0
P02417	L	30	V	-3.62	1divA	30	0
P02417	L	6	A	-3.1	1divA	6	0
P02417	L	6	I	-0.13	1divA	6	0
P02417	L	6	V	-0.41	1divA	6	0
P02417	L	72	A	-3.77	1divA	72	0
P02417	M	1	A	-1.46	1divA	1	0
P02417	M	1	G	-2.36	1divA	1	0
P02417	V	129	A	-1.81	1divA	129	0
P02417	V	131	A	-1.93	1divA	131	0
P02417	V	137	A	-2.41	1divA	137	0
P02417	V	143	A	-3.25	1divA	143	0
P02417	V	145	A	-1.92	1divA	145	0
P02417	V	21	A	-2.33	1divA	21	0
P02417	V	21	I	-0.4	1divA	21	0
P02417	V	21	L	-1.23	1divA	21	0
P02417	V	3	A	-2.55	1divA	3	0
P02417	V	3	I	-0.31	1divA	3	0
P02417	V	3	L	-2.21	1divA	3	0
P11532	K	18	N	-3.7	1dxxA	18	0
Q16595	L	198	C	-1.0	1ekgA	198	0
Q16595	L	200	C	-2.0	1ekgA	200	0
Q16595	L	203	C	1.0	1ekgA	203	0
Q16595	S	181	F	-2.6	1ekgA	181	0
P9WKK7	F	345	A	-0.455	1f8iA	345	0
P11053	H	43	R	4.0	1frdA	42	1
Q9UBU9	I	264	V	-0.64	1ft8A	264	0
Q9UBU9	L	212	V	-1.38	1ft8A	212	0
Q9UBU9	L	238	I	-0.35	1ft8A	238	0
Q9UBU9	L	267	I	-0.11	1ft8A	267	0
Q9UBU9	L	293	I	-0.8	1ft8A	293	0
Q9UBU9	L	293	V	-1.41	1ft8A	293	0
Q9UBU9	L	315	A	-1.65	1ft8A	315	0
Q9UBU9	L	317	I	-0.85	1ft8A	317	0
Q9UBU9	L	348	I	-0.53	1ft8A	348	0
Q9UBU9	L	349	I	0.05	1ft8A	349	0
Q9UBU9	M	216	L	0.27	1ft8A	216	0
Q9UBU9	S	339	A	0.32	1ft8A	339	0
Q9UBU9	V	287	A	-0.16	1ft8A	287	0
P0A3C7	E	95	D	-1.1	1fxaA	94	1
P0A3C7	E	95	K	-0.4	1fxaA	94	1
P0A3C7	E	95	Q	0.6	1fxaA	94	1
P0A3C7	E	96	K	1.0	1fxaA	95	1
P0A3C7	F	66	A	-1.0	1fxaA	65	1
P0A3C7	F	66	I	-0.9	1fxaA	65	1
P0A3C7	F	66	W	-0.6	1fxaA	65	1
P0A3C7	F	66	Y	-0.5	1fxaA	65	1
P0A3C7	R	43	A	-2.4	1fxaA	42	1
P0A3C7	R	43	H	-1.4	1fxaA	42	1
P0A3C7	T	49	A	0.1	1fxaA	48	1
P69168	A	165	K	-0.287	1g3pA	147	18
P69168	D	178	A	-0.263	1g3pA	160	18
P69168	D	178	C	-0.096	1g3pA	160	18
P69168	D	178	E	-0.359	1g3pA	160	18
P69168	D	178	F	-0.359	1g3pA	160	18
P69168	D	178	G	-0.669	1g3pA	160	18
P69168	D	178	H	0.048	1g3pA	160	18
P69168	D	178	I	-0.932	1g3pA	160	18
P69168	D	178	K	-0.335	1g3pA	160	18
P69168	D	178	L	-0.55	1g3pA	160	18
P69168	D	178	M	-0.502	1g3pA	160	18
P69168	D	178	N	0.072	1g3pA	160	18
P69168	D	178	P	-0.645	1g3pA	160	18
P69168	D	178	Q	-0.478	1g3pA	160	18
P69168	D	178	R	-0.669	1g3pA	160	18
P69168	D	178	S	-0.287	1g3pA	160	18
P69168	D	178	T	-0.741	1g3pA	160	18
P69168	D	178	V	-1.123	1g3pA	160	18
P69168	D	178	W	-0.1669999999999999	1g3pA	160	18
P69168	D	178	Y	-0.072	1g3pA	160	18
P69168	F	154	V	-3.705	1g3pA	136	18
P69168	N	156	G	0.765	1g3pA	138	18
P69168	N	157	K	-0.43	1g3pA	139	18
P69168	N	157	V	-2.032	1g3pA	139	18
P69168	Q	155	N	-1.793	1g3pA	137	18
P69168	Q	163	N	0.263	1g3pA	145	18
P69168	R	162	V	0.765	1g3pA	144	18
P06536	C	500	A	-1.22	1gluA	500	0
P04049	A	118	G	-1.963	1guaB	118	0
P04049	A	118	L	-1.951	1guaB	118	0
P04049	A	85	G	-2.149	1guaB	85	0
P04049	A	97	G	-0.863	1guaB	97	0
P04049	C	81	A	0.283	1guaB	81	0
P04049	C	81	I	-0.912	1guaB	81	0
P04049	C	95	A	-0.08	1guaB	95	0
P04049	C	96	A	-1.759	1guaB	96	0
P04049	C	96	L	-0.043	1guaB	96	0
P04049	C	96	M	-0.337	1guaB	96	0
P04049	D	117	A	-0.706	1guaB	117	0
P04049	D	129	A	-0.855	1guaB	129	0
P04049	D	80	A	-0.493	1guaB	80	0
P04049	E	104	A	0.021	1guaB	104	0
P04049	E	124	A	-0.101	1guaB	124	0
P04049	E	125	A	-0.591	1guaB	125	0
P04049	I	58	A	-3.274	1guaB	58	0
P04049	I	58	F	-1.2990000000000002	1guaB	58	0
P04049	I	58	L	-0.7709999999999999	1guaB	58	0
P04049	K	109	A	-0.327	1guaB	109	0
P04049	L	112	A	-2.593	1guaB	112	0
P04049	L	121	A	-2.5340000000000003	1guaB	121	0
P04049	L	126	A	-3.405	1guaB	126	0
P04049	L	62	A	-3.46	1guaB	62	0
P04049	L	78	A	-3.803	1guaB	78	0
P04049	L	82	A	-3.529	1guaB	82	0
P04049	L	82	I	-1.6	1guaB	82	0
P04049	L	82	V	-1.7	1guaB	82	0
P04049	L	86	A	-3.2260000000000004	1guaB	86	0
P04049	L	91	A	-1.575	1guaB	91	0
P04049	M	76	A	-0.961	1guaB	76	0
P04049	N	56	M	0.271	1guaB	56	0
P04049	N	64	A	-1.14	1guaB	64	0
P04049	P	63	A	-1.7080000000000002	1guaB	63	0
P04049	P	93	A	-0.0819999999999999	1guaB	93	0
P04049	Q	66	A	-0.504	1guaB	66	0
P04049	R	100	A	-0.693	1guaB	100	0
P04049	R	59	A	0.178	1guaB	59	0
P04049	R	89	L	1.078	1guaB	89	0
P04049	S	77	A	-1.5730000000000002	1guaB	77	0
P04049	S	77	T	0.581	1guaB	77	0
P04049	T	68	A	-0.109	1guaB	68	0
P04049	V	128	A	-3.3680000000000003	1guaB	128	0
P04049	V	60	A	-2.251	1guaB	60	0
P04049	V	69	A	-1.116	1guaB	69	0
P04049	V	70	A	-1.77	1guaB	70	0
P04049	V	72	A	-1.052	1guaB	72	0
P04049	V	72	I	-0.8640000000000001	1guaB	72	0
P04049	V	98	A	-1.981	1guaB	98	0
P07845	A	8	D	-1.6	1gwyA	8	0
P60849	P	18	A	-1.936	1h0xA	18	0
P60849	P	62	A	-2.5810000000000004	1h0xA	62	0
P03372	C	245	A	-2.09	1hcqA	67	178
P03372	C	245	S	-1.99	1hcqA	67	178
P02654	G	41	A	0.4	1iojA	15	26
P06213	W	1202	F	0.6	1ir3A	1175	27
P05112	C	48	T	-3.3	1itmA	24	24
P05112	C	27	T	-5.0	1itmA	3	24
P05112	W	115	S	1.4	1itmA	91	24
P47992	K	46	A	0.1	1j8iA	25	21
P47992	K	87	A	0.1	1j8iA	66	21
P47992	R	44	A	0.8	1j8iA	23	21
P47992	R	56	A	-0.1	1j8iA	35	21
P47992	R	64	A	0.7	1j8iA	43	21
P47992	R	30	A	-0.1	1j8iA	9	21
P01133	A	995	C	-1.44	1jl9A	25	970
Q7KIF2	E	64	D	-1.162	1jlvA	64	0
Q7KIF2	E	64	N	-2.3040000000000003	1jlvA	64	0
Q7KIF2	E	64	Q	-2.302	1jlvA	64	0
Q10ST8	F	66	A	-1.6969999999999998	1l6hA	39	27
Q10ST8	Y	72	A	-0.55	1l6hA	45	27
Q10ST8	Y	75	A	-1.482	1l6hA	48	27
P04517	E	2143	G	1.4	1lvmA	106	2037
P04517	K	2082	F	0.43	1lvmA	45	2037
P04517	L	2093	V	0.0	1lvmA	56	2037
P04517	Q	2095	F	0.6	1lvmA	58	2037
P04517	S	2172	G	0.0	1lvmA	135	2037
P00441	E	101	G	-2.5	1n18A	100	1
P00441	G	86	R	-1.4	1n18A	85	1
P00441	H	47	R	1.4	1n18A	46	1
P00441	V	149	I	0.1	1n18A	148	1
Q9RA57	F	21	A	-1.39	1n88A	21	0
Q9RA57	I	39	A	-1.39	1n88A	39	0
Q9RA57	I	80	A	-2.79	1n88A	80	0
Q9RA57	I	89	A	-2.35	1n88A	89	0
Q9RA57	I	8	V	-1.52	1n88A	8	0
Q9RA57	L	13	A	-1.52	1n88A	13	0
Q9RA57	L	57	A	-1.11	1n88A	57	0
Q9RA57	V	12	A	-1.94	1n88A	12	0
Q9RA57	V	30	A	-2.84	1n88A	30	0
Q9RA57	V	43	A	-2.82	1n88A	43	0
Q9RA57	V	49	A	-2.83	1n88A	49	0
Q9RA57	V	51	A	-3.24	1n88A	51	0
Q9RA57	V	54	A	-3.73	1n88A	54	0
Q9RA57	V	81	A	-2.82	1n88A	81	0
Q9RA57	V	83	A	-3.1	1n88A	83	0
Q9RA57	Y	18	A	0.06	1n88A	18	0
Q9RA57	Y	26	A	-4.61	1n88A	26	0
P07830	D	188	N	-0.88	1nm1A	187	1
P07830	D	188	Y	-1.9	1nm1A	187	1
P51161	E	111	A	-3.3	1o1uA	110	1
P51161	N	62	A	-1.2	1o1uA	61	1
P51161	Q	52	A	-0.3	1o1uA	51	1
P51161	Q	100	A	0.3	1o1uA	99	1
P51161	T	39	A	-1.2	1o1uA	38	1
P51161	W	50	Y	-1.2	1o1uA	49	1
P48052	A	46	G	-1.2	1o6xA	31	15
P48052	A	65	G	-1.4	1o6xA	50	15
P48052	D	53	A	0.36	1o6xA	38	15
P48052	E	29	A	-0.3	1o6xA	14	15
P48052	E	35	G	-1.42	1o6xA	20	15
P48052	F	54	L	-1.88	1o6xA	39	15
P48052	F	80	A	-0.98	1o6xA	65	15
P48052	H	66	A	-0.61	1o6xA	51	15
P48052	I	30	V	-0.43	1o6xA	15	15
P48052	I	38	V	0.42	1o6xA	23	15
P48052	I	86	V	-1.31	1o6xA	71	15
P48052	I	90	A	-1.31	1o6xA	75	15
P48052	K	56	A	-1.98	1o6xA	41	15
P48052	L	41	V	-0.97	1o6xA	26	15
P48052	N	73	A	-0.08	1o6xA	58	15
P48052	Q	75	G	-0.49	1o6xA	60	15
P48052	V	27	A	-1.1	1o6xA	12	15
P48052	V	67	A	-1.08	1o6xA	52	15
P48052	V	79	G	-1.1	1o6xA	64	15
P48052	Y	88	L	-2.78	1o6xA	73	15
Q5SIY4	I	11	V	-0.05	1osiA	11	0
Q5SIY4	S	92	F	0.39	1osiA	92	0
Q5SIY4	V	126	M	-2.25	1osiA	126	0
Q5SIY4	V	15	I	-0.78	1osiA	15	0
P07737	A	21	T	-1.53	1pflA	20	1
P07737	G	118	V	-1.96	1pflA	117	1
P07737	M	114	T	-3.53	1pflA	113	1
P07737	Q	139	L	1.82	1pflA	138	1
P07737	T	109	M	0.07	1pflA	108	1
P09167	C	182	S	-2.4	1preA	159	23
P37231	E	488	K	-0.17	1prgA	460	28
P37231	F	388	L	-0.4	1prgA	360	28
P37231	P	495	L	0.11	1prgA	467	28
P37231	Q	314	P	-0.3	1prgA	286	28
P37231	R	316	H	0.06	1prgA	288	28
P37231	R	385	A	0.19	1prgA	357	28
P37231	V	318	M	0.03	1prgA	290	28
P84131	R	244	E	-4.2	1r2yA	244	0
P12823	I	88	N	-0.13	1r6rA	88	0
P12823	L	50	S	-2.81	1r6rA	50	0
P12823	L	54	S	-0.24	1r6rA	54	0
P12823	L	81	N	-6.84	1r6rA	81	0
P00441	C	112	S	0.8	1spdA	111	1
P00441	C	7	A	0.1	1spdA	6	1
P25440	D	160	N	-4.1	1x0jA	160	0
P25440	D	160	Y	-4.02	1x0jA	160	0
P25440	D	161	N	-2.21	1x0jA	161	0
P25440	D	161	Y	-3.38	1x0jA	161	0
P25440	E	140	K	-3.48	1x0jA	140	0
P25440	R	100	L	-5.22	1x0jA	100	0
P25440	Y	153	H	-6.49	1x0jA	153	0
P11309	E	124	Q	-2.9	1xwsA	124	0
P11309	E	135	K	-4.59	1xwsA	135	0
P11309	E	142	D	-3.22	1xwsA	142	0
P11309	Y	53	H	-3.3	1xwsA	53	0
P18429	N	209	R	0.358	1xxnA	181	28
P18429	N	60	D	-0.86	1xxnA	32	28
P18429	N	82	E	-0.645	1xxnA	54	28
P18429	S	50	E	0.239	1xxnA	22	28
P18429	S	55	E	-0.645	1xxnA	27	28
P54178	F	61	W	2.87	1xzoA	42	19
P54178	W	120	F	-2.89	1xzoA	101	19
P54178	W	55	A	-8.93	1xzoA	36	19
P54178	W	55	F	-4.25	1xzoA	36	19
P35670	H	1069	Q	-0.7170000000000001	2arfA	1069	0
Q97ZL0	V	84	D	-4.493	2bjdA	84	0
Q97ZL0	V	84	P	-4.517	2bjdA	84	0
Q97ZL0	Y	86	E	-2.103	2bjdA	86	0
P12376	Y	103	F	-0.012	2c9qA	79	24
P12376	Y	103	W	-1.233	2c9qA	79	24
P61769	H	33	F	0.12	2clrB	13	20
P61769	H	51	F	2.605	2clrB	31	20
P61769	H	71	F	-1.912	2clrB	51	20
P61769	H	104	A	-2.629	2clrB	84	20
P25440	Q	443	H	0.89	2dvvA	443	0
P25440	R	419	W	-0.02	2dvvA	419	0
P12497	E	12	A	1.07	2h3fA	12	0
P02417	A	22	G	-0.32	2hbbA	22	0
P02417	A	26	G	-1.79	2hbbA	26	0
P02417	A	36	G	-1.55	2hbbA	36	0
P02417	A	39	G	-1.59	2hbbA	39	0
P02417	A	42	G	-0.33	2hbbA	42	0
P02417	A	46	G	-0.55	2hbbA	46	0
P02417	A	49	G	-0.22	2hbbA	49	0
P02417	D	23	A	-0.03	2hbbA	23	0
P02417	D	23	N	-0.79	2hbbA	23	0
P02417	D	8	A	-1.3	2hbbA	8	0
P02417	D	8	N	-0.38	2hbbA	8	0
P02417	E	17	A	-1.69	2hbbA	17	0
P02417	E	17	Q	-0.33	2hbbA	17	0
P02417	E	38	A	-0.41	2hbbA	38	0
P02417	E	38	Q	-0.68	2hbbA	38	0
P02417	E	48	Q	0.07	2hbbA	48	0
P02417	F	31	A	-2.84	2hbbA	31	0
P02417	F	5	L	-1.15	2hbbA	5	0
P02417	G	24	A	0.02	2hbbA	24	0
P02417	G	34	A	-1.02	2hbbA	34	0
P02417	I	18	A	-2.05	2hbbA	18	0
P02417	I	18	V	-0.07	2hbbA	18	0
P02417	I	37	A	-1.28	2hbbA	37	0
P02417	I	37	V	0.09	2hbbA	37	0
P02417	I	4	V	-0.59	1divA	4	0
P02417	K	10	E	0.13	2hbbA	10	0
P02417	K	10	M	0.47	2hbbA	10	0
P02417	K	12	A	0.61	2hbbA	12	0
P02417	K	12	G	0.03	2hbbA	12	0
P02417	K	12	M	1.8	2hbbA	12	0
P02417	K	14	A	-0.73	2hbbA	14	0
P02417	K	14	G	-1.3	2hbbA	14	0
P02417	K	14	M	-0.34	2hbbA	14	0
P02417	K	15	G	-1.74	2hbbA	15	0
P02417	K	15	M	-0.44	2hbbA	15	0
P02417	K	7	M	0.21	2hbbA	7	0
P02417	L	30	A	-2.76	1divA	30	0
P02417	L	35	A	-1.21	2hbbA	35	0
P02417	L	44	A	-1.73	2hbbA	44	0
P02417	L	47	A	-0.84	2hbbA	47	0
P02417	L	6	A	-3.1	1divA	6	0
P02417	M	1	A	-1.46	1divA	1	0
P02417	T	40	S	-0.8	2hbbA	40	0
P02417	V	21	A	-2.33	1divA	21	0
P02417	V	3	A	-2.55	1divA	3	0
P02417	V	9	A	-1.81	2hbbA	9	0
P22505	C	170	A	2.997	2jieA	170	0
P22505	C	170	Q	2.5810000000000004	2jieA	170	0
P22505	E	157	D	-2.075	2jieA	157	0
P22505	E	167	A	4.247	2jieA	167	0
P22505	E	225	A	-4.36	2jieA	225	0
P22505	E	225	H	-1.515	2jieA	225	0
P22505	E	409	A	0.825	2jieA	409	0
P22505	E	409	D	-0.909	2jieA	409	0
P22505	E	426	S	0.87	2jieA	426	0
P22505	F	418	A	-0.165	2jieA	418	0
P22505	H	104	R	1.536	2jieA	104	0
P22505	I	247	E	1.241	2jieA	247	0
P22505	I	247	N	0.974	2jieA	247	0
P22505	L	174	A	-0.79	2jieA	174	0
P22505	L	174	R	0.336	2jieA	174	0
P22505	M	224	A	-4.098	2jieA	224	0
P22505	M	326	A	-1.298	2jieA	326	0
P22505	N	166	A	-3.397	2jieA	166	0
P22505	N	166	C	-2.964	2jieA	166	0
P22505	N	223	A	-0.6709999999999999	2jieA	223	0
P22505	N	223	G	3.462	2jieA	223	0
P22505	N	223	H	2.583	2jieA	223	0
P22505	N	223	R	3.976	2jieA	223	0
P22505	N	223	Y	5.73	2jieA	223	0
P22505	N	296	A	-2.25	2jieA	296	0
P22505	N	296	C	-0.017	2jieA	296	0
P22505	N	407	A	0.464	2jieA	407	0
P22505	N	407	C	0.143	2jieA	407	0
P22505	Q	22	S	-0.209	2jieA	22	0
P22505	R	243	A	-0.166	2jieA	243	0
P22505	R	243	D	0.213	2jieA	243	0
P22505	R	243	K	-1.463	2jieA	243	0
P22505	S	17	A	-1.246	2jieA	17	0
P22505	S	19	A	0.951	2jieA	19	0
P22505	S	334	A	-1.454	2jieA	334	0
P22505	S	403	A	0.92	2jieA	403	0
P22505	T	18	A	-0.994	2jieA	18	0
P22505	T	221	A	3.189	2jieA	221	0
P22505	T	355	A	-2.9610000000000003	2jieA	355	0
P22505	W	123	F	2.19	2jieA	123	0
P22505	W	123	H	1.06	2jieA	123	0
P22505	W	328	A	-1.159	2jieA	328	0
P22505	W	328	C	-2.664	2jieA	328	0
P22505	W	328	H	-2.573	2jieA	328	0
P22505	W	328	R	-0.95	2jieA	328	0
P22505	W	402	C	-0.36	2jieA	402	0
P22505	W	402	R	2.615	2jieA	402	0
P22505	W	412	Y	0.599	2jieA	412	0
P22505	Y	21	A	-3.443	2jieA	21	0
P22505	Y	297	A	1.072	2jieA	297	0
P22505	Y	297	F	-1.853	2jieA	297	0
Q06525	C	264	D	-2.54	2jucA	57	207
Q06525	C	264	S	-0.71	2jucA	57	207
Q06525	R	225	A	-1.75	2jucA	18	207
Q03689	D	288	A	1.2	2kj3A	288	0
Q03689	E	272	A	1.9	2kj3A	272	0
Q03689	G	278	A	-0.8	2kj3A	278	0
Q03689	K	229	A	1.5	2kj3A	229	0
Q03689	L	241	A	1.0	2kj3A	241	0
Q03689	S	273	A	1.4	2kj3A	273	0
Q03689	V	239	A	1.0	2kj3A	239	0
Q03689	V	264	A	1.0	2kj3A	264	0
Q03689	V	267	A	0.2	2kj3A	267	0
P81662	D	9	A	1.26	2ks4A	9	0
P81662	E	2	A	-0.23	2ks4A	2	0
Q15582	L	558	P	-1.57	2ltbA	558	0
Q15582	L	569	R	-3.11	2ltbA	569	0
Q15582	M	619	K	-3.34	2ltbA	619	0
Q15582	R	533	Q	-1.1	2ltbA	533	0
Q15582	R	555	Q	-0.36	2ltbA	555	0
Q15582	R	555	W	1.79	2ltbA	555	0
P26747	D	302	A	-4.0	2m5sA	302	0
P26747	H	305	A	-2.0	2m5sA	305	0
O15553	A	89	T	-0.24	2mpcA	89	0
O15553	R	42	A	0.62	2mpcA	42	0
O15553	R	42	W	2.08	2mpcA	42	0
O43353	P	521	A	-0.6	2n7zA	88	433
Q99728	I	738	V	-2.0	2nteA	738	0
Q99728	R	658	C	-2.3	2nteA	658	0
O60885	A	420	D	0.44	2ouoA	420	0
O34627	A	33	Y	0.5	2pr5A	33	0
O34627	A	81	M	-0.4	2pr5A	81	0
O34627	D	109	E	0.3	2pr5A	109	0
O34627	H	22	K	0.3	2pr5A	22	0
O34627	H	22	W	1.2	2pr5A	22	0
O34627	M	111	F	2.9	2pr5A	111	0
O34627	N	107	F	0.9	2pr5A	107	0
O34627	N	107	Y	0.8	2pr5A	107	0
O34627	N	124	F	1.1	2pr5A	124	0
O34627	N	124	Y	2.6	2pr5A	124	0
O34627	T	30	M	0.5	2pr5A	30	0
O34627	T	50	M	-0.5	2pr5A	50	0
O34627	T	54	Y	0.2	2pr5A	54	0
O34627	V	120	I	1.4	2pr5A	120	0
O34627	V	25	I	0.4	2pr5A	25	0
O34627	V	88	L	-0.2	2pr5A	88	0
O34627	V	90	I	-0.7	2pr5A	90	0
Q53291	A	45	G	-2.43	2ptlA	22	23
Q53291	A	50	P	0.1	2ptlA	27	23
Q53291	A	50	V	-0.83	2ptlA	27	23
Q53291	A	57	G	-2.17	2ptlA	34	23
Q53291	A	57	V	1.47	2ptlA	34	23
Q53291	A	66	G	-2.54	2ptlA	43	23
Q53291	A	70	G	-3.1	2ptlA	47	23
Q53291	A	72	G	-1.32	2ptlA	49	23
Q53291	A	74	G	-3.12	2ptlA	51	23
Q53291	A	89	G	-0.49	2ptlA	66	23
Q53291	D	75	A	-1.21	2ptlA	52	23
Q53291	D	75	G	-2.14	2ptlA	52	23
Q53291	D	87	A	-0.2	2ptlA	64	23
Q53291	E	58	A	-0.59	2ptlA	35	23
Q53291	E	69	G	-1.19	2ptlA	46	23
Q53291	E	69	I	-1.08	2ptlA	46	23
Q53291	E	83	A	-0.23	2ptlA	60	23
Q53291	F	49	A	-3.12	2ptlA	26	23
Q53291	F	49	L	-0.68	2ptlA	26	23
Q53291	F	59	A	-4.15	2ptlA	36	23
Q53291	F	59	L	-3.12	2ptlA	36	23
Q53291	F	63	G	-3.08	2ptlA	40	23
Q53291	F	63	L	-0.38	2ptlA	40	23
Q53291	F	99	L	-3.34	2ptlA	76	23
Q53291	F	99	V	-3.73	2ptlA	76	23
Q53291	G	52	A	-1.52	2ptlA	29	23
Q53291	G	52	V	-2.53	2ptlA	29	23
Q53291	G	61	A	-2.08	2ptlA	38	23
Q53291	G	82	A	-2.23	2ptlA	59	23
Q53291	G	92	A	-2.04	2ptlA	69	23
Q53291	I	43	A	-4.9	2ptlA	20	23
Q53291	I	43	V	-0.56	2ptlA	20	23
Q53291	I	48	A	-1.37	2ptlA	25	23
Q53291	I	48	V	-0.47	2ptlA	25	23
Q53291	I	97	A	-4.72	2ptlA	74	23
Q53291	I	97	V	-1.69	2ptlA	74	23
Q53291	K	44	A	-0.92	2ptlA	21	23
Q53291	K	60	A	-0.88	2ptlA	37	23
Q53291	K	65	G	0.16	2ptlA	42	23
Q53291	K	78	A	0.58	2ptlA	55	23
Q53291	K	79	A	0.35	2ptlA	56	23
Q53291	K	91	A	-0.09	2ptlA	68	23
Q53291	K	98	A	-0.45	2ptlA	75	23
Q53291	L	47	A	-3.12	2ptlA	24	23
Q53291	L	77	A	-2.44	2ptlA	54	23
Q53291	L	95	A	-3.77	1divA	72	23
Q53291	N	46	A	-1.87	2ptlA	23	23
Q53291	N	51	A	-1.78	2ptlA	28	23
Q53291	N	81	A	-0.34	2ptlA	58	23
Q53291	N	96	A	-1.73	2ptlA	73	23
Q53291	S	53	A	-0.3	2ptlA	30	23
Q53291	S	68	A	0.41	2ptlA	45	23
Q53291	S	68	G	-0.82	2ptlA	45	23
Q53291	T	42	A	-1.63	2ptlA	19	23
Q53291	T	54	A	-1.17	2ptlA	31	23
Q53291	T	56	A	-1.11	2ptlA	33	23
Q53291	T	62	A	-1.25	2ptlA	39	23
Q53291	T	67	A	-1.09	2ptlA	44	23
Q53291	T	76	G	-0.17	2ptlA	53	23
Q53291	T	85	A	-0.97	2ptlA	62	23
Q53291	T	94	A	-1.83	2ptlA	71	23
Q53291	V	41	A	-1.22	2ptlA	18	23
Q53291	V	86	A	-0.92	2ptlA	63	23
Q53291	V	88	A	-1.14	2ptlA	65	23
Q53291	Y	71	A	-2.82	2ptlA	48	23
Q53291	Y	73	A	-2.46	2ptlA	50	23
Q53291	Y	93	A	-1.66	2ptlA	70	23
Q53291	Y	93	L	0.43	2ptlA	70	23
P15891	E	540	L	1.05	2rpnA	7	533
P15891	V	554	K	0.39	2rpnA	21	533
O73951	D	287	A	-5.975	2vy0A	287	0
O73951	E	53	A	-6.597	2vy0A	53	0
P40040	D	14	A	0.3	2wqgA	15	-1
P40040	D	37	A	0.1	2wqgA	38	-1
P40040	D	38	A	-2.2	2wqgA	39	-1
P40040	D	38	N	-2.6	2wqgA	39	-1
P40040	E	39	Q	-0.1	2wqgA	40	-1
P40040	E	40	G	-0.4	2wqgA	41	-1
P40040	I	35	A	-0.9	2wqgA	36	-1
P40040	I	35	V	-0.3	2wqgA	36	-1
P40040	K	13	A	-0.4	2wqgA	14	-1
P40040	K	13	G	-1.9	2wqgA	14	-1
P40040	K	18	A	-0.3	2wqgA	19	-1
P40040	K	27	A	-0.6	2wqgA	28	-1
P40040	L	12	A	-0.5	2wqgA	13	-1
P40040	L	15	A	-1.3	2wqgA	16	-1
P40040	L	7	A	-2.0	2wqgA	8	-1
P40040	Q	11	A	-0.6	2wqgA	12	-1
P40040	Q	11	G	-2.0	2wqgA	12	-1
P40040	Q	32	A	0.1	2wqgA	33	-1
P40040	R	33	A	-0.8	2wqgA	34	-1
P40040	S	22	A	-0.6	2wqgA	23	-1
P40040	S	5	A	0.1	2wqgA	6	-1
P40040	S	5	G	-0.2	2wqgA	6	-1
P40040	T	8	S	0.1	2wqgA	9	-1
P40040	V	9	A	-0.1	2wqgA	10	-1
P40040	V	9	G	-0.7	2wqgA	10	-1
P40040	V	10	A	0.4	2wqgA	11	-1
P40040	V	10	G	0.1	2wqgA	11	-1
P40040	V	23	A	-0.5	2wqgA	24	-1
P40040	Y	4	F	-2.4	2wqgA	5	-1
P03069	E	259	Q	-0.74	2ztaA	11	248
P03069	E	268	Q	0.2	2ztaA	20	248
P03069	E	270	Q	-1.83	2ztaA	22	248
P03069	K	263	A	-0.41	2ztaA	15	248
P03069	K	275	A	-0.91	2ztaA	27	248
P03069	K	276	A	-0.06	2ztaA	28	248
P03069	K	256	A	-0.39	2ztaA	8	248
P03069	R	273	A	-1.66	2ztaA	25	248
Q9EYL5	E	114	Q	1.369	3bciA	96	18
Q9EYL5	T	171	V	-1.137	3bciA	153	18
O66523	I	20	V	-1.506	3bn0A	20	0
P51608	D	156	E	0.88	3c2iA	156	0
P51608	F	155	S	0.43	3c2iA	155	0
P51608	L	100	V	1.11	3c2iA	100	0
P51608	P	152	R	1.46	3c2iA	152	0
P51608	R	106	Q	0.12	3c2iA	106	0
P51608	R	106	W	0.04	3c2iA	106	0
P51608	R	111	G	-0.43	3c2iA	111	0
P51608	R	133	C	0.37	3c2iA	133	0
P51608	R	133	H	0.24	3c2iA	133	0
P51608	S	134	C	1.05	3c2iA	134	0
P51608	T	158	A	0.47	3c2iA	158	0
P51608	T	158	M	0.25	3c2iA	158	0
P37957	M	165	E	3.02	3d2aA	134	31
P37957	M	168	P	3.34	3d2aA	137	31
P37957	S	194	P	2.11	3d2aA	163	31
P0A780	D	118	A	-0.65	3d3bA	118	0
P0A780	D	118	E	-0.6	3d3bA	118	0
P0A780	D	118	K	-1.6	3d3bA	118	0
P0A780	D	118	N	-1.34	3d3bA	118	0
P0A780	D	118	R	-1.41	3d3bA	118	0
P11961	A	131	G	-1.7	3dv0I	131	0
P11961	A	139	G	-2.3	3dv0I	139	0
P11961	A	165	G	-0.9	3dv0I	165	0
P11961	A	168	G	-0.3	3dv0I	168	0
P11961	D	145	A	-2.1	3dv0I	145	0
P11961	D	145	N	-0.9	3dv0I	145	0
P11961	D	162	N	-2.0	3dv0I	162	0
P11961	D	164	A	-2.3	3dv0I	164	0
P11961	D	164	G	-3.7	3dv0I	164	0
P11961	D	164	N	-1.9	3dv0I	164	0
P11961	E	141	A	-0.7	3dv0I	141	0
P11961	E	141	Q	-0.4	3dv0I	141	0
P11961	I	130	A	-0.7	3dv0I	130	0
P11961	I	130	G	-1.4	3dv0I	130	0
P11961	I	130	V	-0.2	3dv0I	130	0
P11961	I	146	A	-2.7	3dv0I	146	0
P11961	I	146	V	-1.2	3dv0I	146	0
P11961	I	163	V	-0.5	3dv0I	163	0
P11961	L	159	A	-2.0	3dv0I	159	0
P11961	L	159	G	-1.9	3dv0I	159	0
P11961	L	159	V	-0.6	3dv0I	159	0
P11961	L	167	A	-1.2	3dv0I	167	0
P11961	L	167	V	-0.2	3dv0I	167	0
P11961	V	129	A	-0.7	3dv0I	129	0
P11961	V	129	G	-1.0	3dv0I	129	0
P11961	V	135	A	-1.5	3dv0I	135	0
P11961	V	144	A	-2.0	3dv0I	144	0
P11961	V	149	A	-2.8	3dv0I	149	0
P11961	V	149	G	-4.1	3dv0I	149	0
P11961	V	158	A	-3.2	3dv0I	158	0
P11961	Y	138	F	-2.0	3dv0I	138	0
P00441	H	47	R	0.8	3ecuA	46	1
P0A6R3	P	61	A	-0.5	3fisA	61	0
P03322	D	394	Y	0.34	3g1gA	155	239
P03322	F	406	Y	-0.74	3g1gA	167	239
P03322	I	429	V	-0.17	3g1gA	190	239
P03322	R	424	W	1.32	3g1gA	185	239
P78352	E	334	L	-3.35	3k82A	334	0
P78352	E	334	Q	-1.68	3k82A	334	0
P78352	E	401	R	5.49	3k82A	401	0
Q15562	Y	442	H	-3.23	3l15B	442	0
P02882	R	39	G	1.194	3monB	39	0
P02882	W	3	C	-2.866	3monB	3	0
Q8XDZ4	F	138	I	-1.81	3o39A	115	23
Q8XDZ4	F	138	L	-1.64	3o39A	115	23
Q8XDZ4	H	119	L	-0.58	3o39A	96	23
Q8XDZ4	L	55	P	-3.25	3o39A	32	23
Q8XDZ4	Q	123	L	-2.0	3o39A	100	23
Q8XDZ4	Q	72	L	-0.05	3o39A	49	23
Q16595	D	122	Y	-1.3	3s4mA	122	0
Q16595	G	130	V	-2.5	3s4mA	130	0
Q16595	I	154	F	0.096	3s4mA	154	0
Q16595	W	155	R	-0.693	3s4mA	155	0
Q15059	H	395	R	2.03	3s92A	395	0
O60885	A	89	V	0.99	4bjxA	89	0
A2IC68	Y	146	A	0.89	4buqA	137	9
A2IC68	Y	57	A	-1.435	4buqA	48	9
P56552	A	19	D	-0.24	4he7A	19	0
P56552	A	19	G	0.06	4he7A	19	0
P56552	A	19	K	-0.46	4he7A	19	0
P04080	H	75	W	0.574	4n6v0	75	0
P04080	P	36	G	-1.362	4n6v0	36	0
P04080	P	79	S	1.745	4n6v0	79	0
Q9GZQ8	K	49	A	0.1	4waaA	65	-16
Q9GZQ8	K	51	A	-2.07	4waaA	67	-16
Q9GZQ8	R	11	A	-0.44	4waaA	27	-16
Q9QZH4	V	133	T	-0.71	4yeeA	134	-1
P80386	T	134	V	-0.93	4yefA	134	0
P78352	D	332	G	-1.44	5jxbA	329	3
P78352	D	332	P	-1.44	5jxbA	329	3
Q15561	Y	429	H	-2.99	5oaqA	429	0
E0WVU4	R	39	K	0.413	5vp3A	39	0
E0WVU4	S	128	G	-0.378	5vp3A	128	0
E0WVU4	V	183	T	0.354	5vp3A	183	0
1fh5H	S	15	N	0.6	1fh5H	18	-3
1iv7B	A	73	C	0.5	1iv7B	173	-100
1iv7B	F	89	C	-2.5	1iv7B	189	-100
1iv7B	L	62	C	-1.9	1iv7B	162	-100
1iv9A	S	76	Y	4.299	1iv9A	76	0
