Key	WT	SeqPos	Mut	DDG	MutPos	PDB_ID	Chain	FILE_PATH
P0A9D2	S	11	A	-1.8	11	1a0f	A	1a0f.pdb
P00149	A	125	H	-2.69	104	1a7v	A	1a7v.pdb
P00149	A	87	H	-1.98	66	1a7v	A	1a7v.pdb
P00149	A	112	H	-1.7	91	1a7v	A	1a7v.pdb
P00149	D	24	H	-1.36	3	1a7v	A	1a7v.pdb
P00149	D	79	H	-2.05	58	1a7v	A	1a7v.pdb
P00149	E	94	H	-3.01	73	1a7v	A	1a7v.pdb
P00149	K	34	H	-0.6	13	1a7v	A	1a7v.pdb
P00149	K	41	H	-2.88	20	1a7v	A	1a7v.pdb
P00149	K	52	H	-1.36	31	1a7v	A	1a7v.pdb
P00149	K	60	H	-1.86	39	1a7v	A	1a7v.pdb
P00149	K	70	H	-2.02	49	1a7v	A	1a7v.pdb
P00149	K	105	H	-2.88	84	1a7v	A	1a7v.pdb
P00149	K	118	H	-1.97	97	1a7v	A	1a7v.pdb
P08659	H	461	D	-1.745	461	1ba3	A	1ba3.pdb
P08659	H	489	D	0.287	489	1ba3	A	1ba3.pdb
P08659	H	489	K	-0.287	489	1ba3	A	1ba3.pdb
P08659	H	489	M	-0.263	489	1ba3	A	1ba3.pdb
P19267	M	35	W	-0.7	35	1bfm	A	1bfm.pdb
P19267	M	35	Y	-0.4	35	1bfm	A	1bfm.pdb
P39060	D	1647	A	-0.821	76	1bnl	A	1bnl.pdb
Q12923	H	1431	Y	-0.04	71	1d5g	A	1d5g.pdb
Q12923	I	1380	F	0.91	20	1d5g	A	1d5g.pdb
P02417	D	23	A	-0.46	23	1div	A	1div.pdb
P02417	D	23	N	-0.58	23	1div	A	1div.pdb
P02417	D	8	N	-0.3	8	1div	A	1div.pdb
P02417	E	100	A	-0.98	100	1div	A	1div.pdb
P02417	E	100	G	-1.52	100	1div	A	1div.pdb
P02417	E	17	Q	-0.21	17	1div	A	1div.pdb
P02417	E	38	Q	-0.56	38	1div	A	1div.pdb
P02417	E	48	Q	0.03	48	1div	A	1div.pdb
P02417	E	54	Q	0.33	54	1div	A	1div.pdb
P02417	H	106	Q	-1.53	106	1div	A	1div.pdb
P02417	H	134	Q	-0.34	134	1div	A	1div.pdb
P02417	H	144	Q	-0.56	144	1div	A	1div.pdb
P02417	I	115	A	-3.52	115	1div	A	1div.pdb
P02417	I	121	A	-2.88	121	1div	A	1div.pdb
P02417	I	4	A	-2.22	4	1div	A	1div.pdb
P02417	I	4	V	-0.59	4	1div	A	1div.pdb
P02417	I	79	A	-3.49	79	1div	A	1div.pdb
P02417	I	93	A	-3.19	93	1div	A	1div.pdb
P02417	I	98	A	-4.28	98	1div	A	1div.pdb
P02417	K	10	M	0.05	10	1div	A	1div.pdb
P02417	K	14	M	0.01	14	1div	A	1div.pdb
P02417	K	15	M	-0.31	15	1div	A	1div.pdb
P02417	K	7	M	0.35	7	1div	A	1div.pdb
P02417	K	96	A	0.61	96	1div	A	1div.pdb
P02417	K	96	G	-0.2	96	1div	A	1div.pdb
P02417	L	102	A	-2.37	102	1div	A	1div.pdb
P02417	L	108	A	-2.33	108	1div	A	1div.pdb
P02417	L	110	A	-3.21	110	1div	A	1div.pdb
P02417	L	117	A	-0.82	117	1div	A	1div.pdb
P02417	L	133	A	-2.94	133	1div	A	1div.pdb
P02417	L	141	A	-3.56	141	1div	A	1div.pdb
P02417	L	30	A	-2.76	30	1div	A	1div.pdb
P02417	L	30	V	-3.62	30	1div	A	1div.pdb
P02417	L	6	A	-3.1	6	1div	A	1div.pdb
P02417	L	6	I	-0.13	6	1div	A	1div.pdb
P02417	L	6	V	-0.41	6	1div	A	1div.pdb
P02417	L	72	A	-3.77	72	1div	A	1div.pdb
P02417	M	1	A	-1.46	1	1div	A	1div.pdb
P02417	M	1	G	-2.36	1	1div	A	1div.pdb
P02417	V	129	A	-1.81	129	1div	A	1div.pdb
P02417	V	131	A	-1.93	131	1div	A	1div.pdb
P02417	V	137	A	-2.41	137	1div	A	1div.pdb
P02417	V	143	A	-3.25	143	1div	A	1div.pdb
P02417	V	145	A	-1.92	145	1div	A	1div.pdb
P02417	V	21	A	-2.33	21	1div	A	1div.pdb
P02417	V	21	I	-0.4	21	1div	A	1div.pdb
P02417	V	21	L	-1.23	21	1div	A	1div.pdb
P02417	V	3	A	-2.55	3	1div	A	1div.pdb
P02417	V	3	I	-0.31	3	1div	A	1div.pdb
P02417	V	3	L	-2.21	3	1div	A	1div.pdb
P11532	K	18	N	-3.7	18	1dxx	A	1dxx.pdb
Q16595	L	198	C	-1.0	198	1ekg	A	1ekg.pdb
Q16595	L	200	C	-2.0	200	1ekg	A	1ekg.pdb
Q16595	L	203	C	1.0	203	1ekg	A	1ekg.pdb
Q16595	S	181	F	-2.6	181	1ekg	A	1ekg.pdb
P9WKK7	F	345	A	-0.455	345	1f8i	A	1f8i.pdb
P11053	H	43	R	4.0	42	1frd	A	1frd.pdb
Q9UBU9	I	264	V	-0.64	264	1ft8	A	1ft8.pdb
Q9UBU9	L	212	V	-1.38	212	1ft8	A	1ft8.pdb
Q9UBU9	L	238	I	-0.35	238	1ft8	A	1ft8.pdb
Q9UBU9	L	267	I	-0.11	267	1ft8	A	1ft8.pdb
Q9UBU9	L	293	I	-0.8	293	1ft8	A	1ft8.pdb
Q9UBU9	L	293	V	-1.41	293	1ft8	A	1ft8.pdb
Q9UBU9	L	315	A	-1.65	315	1ft8	A	1ft8.pdb
Q9UBU9	L	317	I	-0.85	317	1ft8	A	1ft8.pdb
Q9UBU9	L	348	I	-0.53	348	1ft8	A	1ft8.pdb
Q9UBU9	L	349	I	0.05	349	1ft8	A	1ft8.pdb
Q9UBU9	M	216	L	0.27	216	1ft8	A	1ft8.pdb
Q9UBU9	S	339	A	0.32	339	1ft8	A	1ft8.pdb
Q9UBU9	V	287	A	-0.16	287	1ft8	A	1ft8.pdb
P0A3C7	E	95	D	-1.1	94	1fxa	A	1fxa.pdb
P0A3C7	E	95	K	-0.4	94	1fxa	A	1fxa.pdb
P0A3C7	E	95	Q	0.6	94	1fxa	A	1fxa.pdb
P0A3C7	E	96	K	1.0	95	1fxa	A	1fxa.pdb
P0A3C7	F	66	A	-1.0	65	1fxa	A	1fxa.pdb
P0A3C7	F	66	I	-0.9	65	1fxa	A	1fxa.pdb
P0A3C7	F	66	W	-0.6	65	1fxa	A	1fxa.pdb
P0A3C7	F	66	Y	-0.5	65	1fxa	A	1fxa.pdb
P0A3C7	R	43	A	-2.4	42	1fxa	A	1fxa.pdb
P0A3C7	R	43	H	-1.4	42	1fxa	A	1fxa.pdb
P0A3C7	T	49	A	0.1	48	1fxa	A	1fxa.pdb
P69168	A	165	K	-0.287	147	1g3p	A	1g3p.pdb
P69168	D	178	A	-0.263	160	1g3p	A	1g3p.pdb
P69168	D	178	C	-0.096	160	1g3p	A	1g3p.pdb
P69168	D	178	E	-0.359	160	1g3p	A	1g3p.pdb
P69168	D	178	F	-0.359	160	1g3p	A	1g3p.pdb
P69168	D	178	G	-0.669	160	1g3p	A	1g3p.pdb
P69168	D	178	H	0.048	160	1g3p	A	1g3p.pdb
P69168	D	178	I	-0.932	160	1g3p	A	1g3p.pdb
P69168	D	178	K	-0.335	160	1g3p	A	1g3p.pdb
P69168	D	178	L	-0.55	160	1g3p	A	1g3p.pdb
P69168	D	178	M	-0.502	160	1g3p	A	1g3p.pdb
P69168	D	178	N	0.072	160	1g3p	A	1g3p.pdb
P69168	D	178	P	-0.645	160	1g3p	A	1g3p.pdb
P69168	D	178	Q	-0.478	160	1g3p	A	1g3p.pdb
P69168	D	178	R	-0.669	160	1g3p	A	1g3p.pdb
P69168	D	178	S	-0.287	160	1g3p	A	1g3p.pdb
P69168	D	178	T	-0.741	160	1g3p	A	1g3p.pdb
P69168	D	178	V	-1.123	160	1g3p	A	1g3p.pdb
P69168	D	178	W	-0.1669999999999999	160	1g3p	A	1g3p.pdb
P69168	D	178	Y	-0.072	160	1g3p	A	1g3p.pdb
P69168	F	154	V	-3.705	136	1g3p	A	1g3p.pdb
P69168	N	156	G	0.765	138	1g3p	A	1g3p.pdb
P69168	N	157	K	-0.43	139	1g3p	A	1g3p.pdb
P69168	N	157	V	-2.032	139	1g3p	A	1g3p.pdb
P69168	Q	155	N	-1.793	137	1g3p	A	1g3p.pdb
P69168	Q	163	N	0.263	145	1g3p	A	1g3p.pdb
P69168	R	162	V	0.765	144	1g3p	A	1g3p.pdb
P06536	C	500	A	-1.22	500	1glu	A	1glu.pdb
P04049	A	118	G	-1.963	118	1gua	B	1gua.pdb
P04049	A	118	L	-1.951	118	1gua	B	1gua.pdb
P04049	A	85	G	-2.149	85	1gua	B	1gua.pdb
P04049	A	97	G	-0.863	97	1gua	B	1gua.pdb
P04049	C	81	A	0.283	81	1gua	B	1gua.pdb
P04049	C	81	I	-0.912	81	1gua	B	1gua.pdb
P04049	C	95	A	-0.08	95	1gua	B	1gua.pdb
P04049	C	96	A	-1.759	96	1gua	B	1gua.pdb
P04049	C	96	L	-0.043	96	1gua	B	1gua.pdb
P04049	C	96	M	-0.337	96	1gua	B	1gua.pdb
P04049	D	117	A	-0.706	117	1gua	B	1gua.pdb
P04049	D	129	A	-0.855	129	1gua	B	1gua.pdb
P04049	D	80	A	-0.493	80	1gua	B	1gua.pdb
P04049	E	104	A	0.021	104	1gua	B	1gua.pdb
P04049	E	124	A	-0.101	124	1gua	B	1gua.pdb
P04049	E	125	A	-0.591	125	1gua	B	1gua.pdb
P04049	I	58	A	-3.274	58	1gua	B	1gua.pdb
P04049	I	58	F	-1.2990000000000002	58	1gua	B	1gua.pdb
P04049	I	58	L	-0.7709999999999999	58	1gua	B	1gua.pdb
P04049	K	109	A	-0.327	109	1gua	B	1gua.pdb
P04049	L	112	A	-2.593	112	1gua	B	1gua.pdb
P04049	L	121	A	-2.5340000000000003	121	1gua	B	1gua.pdb
P04049	L	126	A	-3.405	126	1gua	B	1gua.pdb
P04049	L	62	A	-3.46	62	1gua	B	1gua.pdb
P04049	L	78	A	-3.803	78	1gua	B	1gua.pdb
P04049	L	82	A	-3.529	82	1gua	B	1gua.pdb
P04049	L	82	I	-1.6	82	1gua	B	1gua.pdb
P04049	L	82	V	-1.7	82	1gua	B	1gua.pdb
P04049	L	86	A	-3.2260000000000004	86	1gua	B	1gua.pdb
P04049	L	91	A	-1.575	91	1gua	B	1gua.pdb
P04049	M	76	A	-0.961	76	1gua	B	1gua.pdb
P04049	N	56	M	0.271	56	1gua	B	1gua.pdb
P04049	N	64	A	-1.14	64	1gua	B	1gua.pdb
P04049	P	63	A	-1.7080000000000002	63	1gua	B	1gua.pdb
P04049	P	93	A	-0.0819999999999999	93	1gua	B	1gua.pdb
P04049	Q	66	A	-0.504	66	1gua	B	1gua.pdb
P04049	R	100	A	-0.693	100	1gua	B	1gua.pdb
P04049	R	59	A	0.178	59	1gua	B	1gua.pdb
P04049	R	89	L	1.078	89	1gua	B	1gua.pdb
P04049	S	77	A	-1.5730000000000002	77	1gua	B	1gua.pdb
P04049	S	77	T	0.581	77	1gua	B	1gua.pdb
P04049	T	68	A	-0.109	68	1gua	B	1gua.pdb
P04049	V	128	A	-3.3680000000000003	128	1gua	B	1gua.pdb
P04049	V	60	A	-2.251	60	1gua	B	1gua.pdb
P04049	V	69	A	-1.116	69	1gua	B	1gua.pdb
P04049	V	70	A	-1.77	70	1gua	B	1gua.pdb
P04049	V	72	A	-1.052	72	1gua	B	1gua.pdb
P04049	V	72	I	-0.8640000000000001	72	1gua	B	1gua.pdb
P04049	V	98	A	-1.981	98	1gua	B	1gua.pdb
P07845	A	8	D	-1.6	8	1gwy	A	1gwy.pdb
P60849	P	18	A	-1.936	18	1h0x	A	1h0x.pdb
P60849	P	62	A	-2.5810000000000004	62	1h0x	A	1h0x.pdb
P03372	C	245	A	-2.09	67	1hcq	A	1hcq.pdb
P03372	C	245	S	-1.99	67	1hcq	A	1hcq.pdb
P02654	G	41	A	0.4	15	1ioj	A	1ioj.pdb
P06213	W	1202	F	0.6	1175	1ir3	A	1ir3.pdb
P05112	C	48	T	-3.3	24	1itm	A	1itm.pdb
P05112	C	27	T	-5.0	3	1itm	A	1itm.pdb
P05112	W	115	S	1.4	91	1itm	A	1itm.pdb
P47992	K	46	A	0.1	25	1j8i	A	1j8i.pdb
P47992	K	87	A	0.1	66	1j8i	A	1j8i.pdb
P47992	R	44	A	0.8	23	1j8i	A	1j8i.pdb
P47992	R	56	A	-0.1	35	1j8i	A	1j8i.pdb
P47992	R	64	A	0.7	43	1j8i	A	1j8i.pdb
P47992	R	30	A	-0.1	9	1j8i	A	1j8i.pdb
P01133	A	995	C	-1.44	25	1jl9	A	1jl9.pdb
Q7KIF2	E	64	D	-1.162	64	1jlv	A	1jlv.pdb
Q7KIF2	E	64	N	-2.3040000000000003	64	1jlv	A	1jlv.pdb
Q7KIF2	E	64	Q	-2.302	64	1jlv	A	1jlv.pdb
Q10ST8	F	66	A	-1.6969999999999998	39	1l6h	A	1l6h.pdb
Q10ST8	Y	72	A	-0.55	45	1l6h	A	1l6h.pdb
Q10ST8	Y	75	A	-1.482	48	1l6h	A	1l6h.pdb
P04517	E	2143	G	1.4	106	1lvm	A	1lvm.pdb
P04517	K	2082	F	0.43	45	1lvm	A	1lvm.pdb
P04517	L	2093	V	0.0	56	1lvm	A	1lvm.pdb
P04517	Q	2095	F	0.6	58	1lvm	A	1lvm.pdb
P04517	S	2172	G	0.0	135	1lvm	A	1lvm.pdb
P00441	E	101	G	-2.5	100	1n18	A	1n18.pdb
P00441	G	86	R	-1.4	85	1n18	A	1n18.pdb
P00441	H	47	R	1.4	46	1n18	A	1n18.pdb
P00441	V	149	I	0.1	148	1n18	A	1n18.pdb
Q9RA57	F	21	A	-1.39	21	1n88	A	1n88.pdb
Q9RA57	I	39	A	-1.39	39	1n88	A	1n88.pdb
Q9RA57	I	80	A	-2.79	80	1n88	A	1n88.pdb
Q9RA57	I	89	A	-2.35	89	1n88	A	1n88.pdb
Q9RA57	I	8	V	-1.52	8	1n88	A	1n88.pdb
Q9RA57	L	13	A	-1.52	13	1n88	A	1n88.pdb
Q9RA57	L	57	A	-1.11	57	1n88	A	1n88.pdb
Q9RA57	V	12	A	-1.94	12	1n88	A	1n88.pdb
Q9RA57	V	30	A	-2.84	30	1n88	A	1n88.pdb
Q9RA57	V	43	A	-2.82	43	1n88	A	1n88.pdb
Q9RA57	V	49	A	-2.83	49	1n88	A	1n88.pdb
Q9RA57	V	51	A	-3.24	51	1n88	A	1n88.pdb
Q9RA57	V	54	A	-3.73	54	1n88	A	1n88.pdb
Q9RA57	V	81	A	-2.82	81	1n88	A	1n88.pdb
Q9RA57	V	83	A	-3.1	83	1n88	A	1n88.pdb
Q9RA57	Y	18	A	0.06	18	1n88	A	1n88.pdb
Q9RA57	Y	26	A	-4.61	26	1n88	A	1n88.pdb
P07830	D	188	N	-0.88	187	1nm1	A	1nm1.pdb
P07830	D	188	Y	-1.9	187	1nm1	A	1nm1.pdb
P51161	E	111	A	-3.3	110	1o1u	A	1o1u.pdb
P51161	N	62	A	-1.2	61	1o1u	A	1o1u.pdb
P51161	Q	52	A	-0.3	51	1o1u	A	1o1u.pdb
P51161	Q	100	A	0.3	99	1o1u	A	1o1u.pdb
P51161	T	39	A	-1.2	38	1o1u	A	1o1u.pdb
P51161	W	50	Y	-1.2	49	1o1u	A	1o1u.pdb
P48052	A	46	G	-1.2	31	1o6x	A	1o6x.pdb
P48052	A	65	G	-1.4	50	1o6x	A	1o6x.pdb
P48052	D	53	A	0.36	38	1o6x	A	1o6x.pdb
P48052	E	29	A	-0.3	14	1o6x	A	1o6x.pdb
P48052	E	35	G	-1.42	20	1o6x	A	1o6x.pdb
P48052	F	54	L	-1.88	39	1o6x	A	1o6x.pdb
P48052	F	80	A	-0.98	65	1o6x	A	1o6x.pdb
P48052	H	66	A	-0.61	51	1o6x	A	1o6x.pdb
P48052	I	30	V	-0.43	15	1o6x	A	1o6x.pdb
P48052	I	38	V	0.42	23	1o6x	A	1o6x.pdb
P48052	I	86	V	-1.31	71	1o6x	A	1o6x.pdb
P48052	I	90	A	-1.31	75	1o6x	A	1o6x.pdb
P48052	K	56	A	-1.98	41	1o6x	A	1o6x.pdb
P48052	L	41	V	-0.97	26	1o6x	A	1o6x.pdb
P48052	N	73	A	-0.08	58	1o6x	A	1o6x.pdb
P48052	Q	75	G	-0.49	60	1o6x	A	1o6x.pdb
P48052	V	27	A	-1.1	12	1o6x	A	1o6x.pdb
P48052	V	67	A	-1.08	52	1o6x	A	1o6x.pdb
P48052	V	79	G	-1.1	64	1o6x	A	1o6x.pdb
P48052	Y	88	L	-2.78	73	1o6x	A	1o6x.pdb
Q5SIY4	I	11	V	-0.05	11	1osi	A	1osi.pdb
Q5SIY4	S	92	F	0.39	92	1osi	A	1osi.pdb
Q5SIY4	V	126	M	-2.25	126	1osi	A	1osi.pdb
Q5SIY4	V	15	I	-0.78	15	1osi	A	1osi.pdb
P07737	A	21	T	-1.53	20	1pfl	A	1pfl.pdb
P07737	G	118	V	-1.96	117	1pfl	A	1pfl.pdb
P07737	M	114	T	-3.53	113	1pfl	A	1pfl.pdb
P07737	Q	139	L	1.82	138	1pfl	A	1pfl.pdb
P07737	T	109	M	0.07	108	1pfl	A	1pfl.pdb
P09167	C	182	S	-2.4	159	1pre	A	1pre.pdb
P37231	E	488	K	-0.17	460	1prg	A	1prg.pdb
P37231	F	388	L	-0.4	360	1prg	A	1prg.pdb
P37231	P	495	L	0.11	467	1prg	A	1prg.pdb
P37231	Q	314	P	-0.3	286	1prg	A	1prg.pdb
P37231	R	316	H	0.06	288	1prg	A	1prg.pdb
P37231	R	385	A	0.19	357	1prg	A	1prg.pdb
P37231	V	318	M	0.03	290	1prg	A	1prg.pdb
P84131	R	244	E	-4.2	244	1r2y	A	1r2y.pdb
P12823	I	88	N	-0.13	88	1r6r	A	1r6r.pdb
P12823	L	50	S	-2.81	50	1r6r	A	1r6r.pdb
P12823	L	54	S	-0.24	54	1r6r	A	1r6r.pdb
P12823	L	81	N	-6.84	81	1r6r	A	1r6r.pdb
P00441	C	112	S	0.8	111	1spd	A	1spd.pdb
P00441	C	7	A	0.1	6	1spd	A	1spd.pdb
P25440	D	160	N	-4.1	160	1x0j	A	1x0j.pdb
P25440	D	160	Y	-4.02	160	1x0j	A	1x0j.pdb
P25440	D	161	N	-2.21	161	1x0j	A	1x0j.pdb
P25440	D	161	Y	-3.38	161	1x0j	A	1x0j.pdb
P25440	E	140	K	-3.48	140	1x0j	A	1x0j.pdb
P25440	R	100	L	-5.22	100	1x0j	A	1x0j.pdb
P25440	Y	153	H	-6.49	153	1x0j	A	1x0j.pdb
P11309	E	124	Q	-2.9	124	1xws	A	1xws.pdb
P11309	E	135	K	-4.59	135	1xws	A	1xws.pdb
P11309	E	142	D	-3.22	142	1xws	A	1xws.pdb
P11309	Y	53	H	-3.3	53	1xws	A	1xws.pdb
P18429	N	209	R	0.358	181	1xxn	A	1xxn.pdb
P18429	N	60	D	-0.86	32	1xxn	A	1xxn.pdb
P18429	N	82	E	-0.645	54	1xxn	A	1xxn.pdb
P18429	S	50	E	0.239	22	1xxn	A	1xxn.pdb
P18429	S	55	E	-0.645	27	1xxn	A	1xxn.pdb
P54178	F	61	W	2.87	42	1xzo	A	1xzo.pdb
P54178	W	120	F	-2.89	101	1xzo	A	1xzo.pdb
P54178	W	55	A	-8.93	36	1xzo	A	1xzo.pdb
P54178	W	55	F	-4.25	36	1xzo	A	1xzo.pdb
P35670	H	1069	Q	-0.7170000000000001	1069	2arf	A	2arf.pdb
Q97ZL0	V	84	D	-4.493	84	2bjd	A	2bjd.pdb
Q97ZL0	V	84	P	-4.517	84	2bjd	A	2bjd.pdb
Q97ZL0	Y	86	E	-2.103	86	2bjd	A	2bjd.pdb
P12376	Y	103	F	-0.012	79	2c9q	A	2c9q.pdb
P12376	Y	103	W	-1.233	79	2c9q	A	2c9q.pdb
P61769	H	33	F	0.12	13	2clr	B	2clr.pdb
P61769	H	51	F	2.605	31	2clr	B	2clr.pdb
P61769	H	71	F	-1.912	51	2clr	B	2clr.pdb
P61769	H	104	A	-2.629	84	2clr	B	2clr.pdb
P25440	Q	443	H	0.89	443	2dvv	A	2dvv.pdb
P25440	R	419	W	-0.02	419	2dvv	A	2dvv.pdb
P12497	E	12	A	1.07	12	2h3f	A	2h3f.pdb
P02417	A	22	G	-0.32	22	2hbb	A	2hbb.pdb
P02417	A	26	G	-1.79	26	2hbb	A	2hbb.pdb
P02417	A	36	G	-1.55	36	2hbb	A	2hbb.pdb
P02417	A	39	G	-1.59	39	2hbb	A	2hbb.pdb
P02417	A	42	G	-0.33	42	2hbb	A	2hbb.pdb
P02417	A	46	G	-0.55	46	2hbb	A	2hbb.pdb
P02417	A	49	G	-0.22	49	2hbb	A	2hbb.pdb
P02417	D	23	A	-0.03	23	2hbb	A	2hbb.pdb
P02417	D	23	N	-0.79	23	2hbb	A	2hbb.pdb
P02417	D	8	A	-1.3	8	2hbb	A	2hbb.pdb
P02417	D	8	N	-0.38	8	2hbb	A	2hbb.pdb
P02417	E	17	A	-1.69	17	2hbb	A	2hbb.pdb
P02417	E	17	Q	-0.33	17	2hbb	A	2hbb.pdb
P02417	E	38	A	-0.41	38	2hbb	A	2hbb.pdb
P02417	E	38	Q	-0.68	38	2hbb	A	2hbb.pdb
P02417	E	48	Q	0.07	48	2hbb	A	2hbb.pdb
P02417	F	31	A	-2.84	31	2hbb	A	2hbb.pdb
P02417	F	5	L	-1.15	5	2hbb	A	2hbb.pdb
P02417	G	24	A	0.02	24	2hbb	A	2hbb.pdb
P02417	G	34	A	-1.02	34	2hbb	A	2hbb.pdb
P02417	I	18	A	-2.05	18	2hbb	A	2hbb.pdb
P02417	I	18	V	-0.07	18	2hbb	A	2hbb.pdb
P02417	I	37	A	-1.28	37	2hbb	A	2hbb.pdb
P02417	I	37	V	0.09	37	2hbb	A	2hbb.pdb
P02417	I	4	V	-0.59	4	1div	A	1div.pdb
P02417	K	10	E	0.13	10	2hbb	A	2hbb.pdb
P02417	K	10	M	0.47	10	2hbb	A	2hbb.pdb
P02417	K	12	A	0.61	12	2hbb	A	2hbb.pdb
P02417	K	12	G	0.03	12	2hbb	A	2hbb.pdb
P02417	K	12	M	1.8	12	2hbb	A	2hbb.pdb
P02417	K	14	A	-0.73	14	2hbb	A	2hbb.pdb
P02417	K	14	G	-1.3	14	2hbb	A	2hbb.pdb
P02417	K	14	M	-0.34	14	2hbb	A	2hbb.pdb
P02417	K	15	G	-1.74	15	2hbb	A	2hbb.pdb
P02417	K	15	M	-0.44	15	2hbb	A	2hbb.pdb
P02417	K	7	M	0.21	7	2hbb	A	2hbb.pdb
P02417	L	30	A	-2.76	30	1div	A	1div.pdb
P02417	L	35	A	-1.21	35	2hbb	A	2hbb.pdb
P02417	L	44	A	-1.73	44	2hbb	A	2hbb.pdb
P02417	L	47	A	-0.84	47	2hbb	A	2hbb.pdb
P02417	L	6	A	-3.1	6	1div	A	1div.pdb
P02417	M	1	A	-1.46	1	1div	A	1div.pdb
P02417	T	40	S	-0.8	40	2hbb	A	2hbb.pdb
P02417	V	21	A	-2.33	21	1div	A	1div.pdb
P02417	V	3	A	-2.55	3	1div	A	1div.pdb
P02417	V	9	A	-1.81	9	2hbb	A	2hbb.pdb
P22505	C	170	A	2.997	170	2jie	A	2jie.pdb
P22505	C	170	Q	2.5810000000000004	170	2jie	A	2jie.pdb
P22505	E	157	D	-2.075	157	2jie	A	2jie.pdb
P22505	E	167	A	4.247	167	2jie	A	2jie.pdb
P22505	E	225	A	-4.36	225	2jie	A	2jie.pdb
P22505	E	225	H	-1.515	225	2jie	A	2jie.pdb
P22505	E	409	A	0.825	409	2jie	A	2jie.pdb
P22505	E	409	D	-0.909	409	2jie	A	2jie.pdb
P22505	E	426	S	0.87	426	2jie	A	2jie.pdb
P22505	F	418	A	-0.165	418	2jie	A	2jie.pdb
P22505	H	104	R	1.536	104	2jie	A	2jie.pdb
P22505	I	247	E	1.241	247	2jie	A	2jie.pdb
P22505	I	247	N	0.974	247	2jie	A	2jie.pdb
P22505	L	174	A	-0.79	174	2jie	A	2jie.pdb
P22505	L	174	R	0.336	174	2jie	A	2jie.pdb
P22505	M	224	A	-4.098	224	2jie	A	2jie.pdb
P22505	M	326	A	-1.298	326	2jie	A	2jie.pdb
P22505	N	166	A	-3.397	166	2jie	A	2jie.pdb
P22505	N	166	C	-2.964	166	2jie	A	2jie.pdb
P22505	N	223	A	-0.6709999999999999	223	2jie	A	2jie.pdb
P22505	N	223	G	3.462	223	2jie	A	2jie.pdb
P22505	N	223	H	2.583	223	2jie	A	2jie.pdb
P22505	N	223	R	3.976	223	2jie	A	2jie.pdb
P22505	N	223	Y	5.73	223	2jie	A	2jie.pdb
P22505	N	296	A	-2.25	296	2jie	A	2jie.pdb
P22505	N	296	C	-0.017	296	2jie	A	2jie.pdb
P22505	N	407	A	0.464	407	2jie	A	2jie.pdb
P22505	N	407	C	0.143	407	2jie	A	2jie.pdb
P22505	Q	22	S	-0.209	22	2jie	A	2jie.pdb
P22505	R	243	A	-0.166	243	2jie	A	2jie.pdb
P22505	R	243	D	0.213	243	2jie	A	2jie.pdb
P22505	R	243	K	-1.463	243	2jie	A	2jie.pdb
P22505	S	17	A	-1.246	17	2jie	A	2jie.pdb
P22505	S	19	A	0.951	19	2jie	A	2jie.pdb
P22505	S	334	A	-1.454	334	2jie	A	2jie.pdb
P22505	S	403	A	0.92	403	2jie	A	2jie.pdb
P22505	T	18	A	-0.994	18	2jie	A	2jie.pdb
P22505	T	221	A	3.189	221	2jie	A	2jie.pdb
P22505	T	355	A	-2.9610000000000003	355	2jie	A	2jie.pdb
P22505	W	123	F	2.19	123	2jie	A	2jie.pdb
P22505	W	123	H	1.06	123	2jie	A	2jie.pdb
P22505	W	328	A	-1.159	328	2jie	A	2jie.pdb
P22505	W	328	C	-2.664	328	2jie	A	2jie.pdb
P22505	W	328	H	-2.573	328	2jie	A	2jie.pdb
P22505	W	328	R	-0.95	328	2jie	A	2jie.pdb
P22505	W	402	C	-0.36	402	2jie	A	2jie.pdb
P22505	W	402	R	2.615	402	2jie	A	2jie.pdb
P22505	W	412	Y	0.599	412	2jie	A	2jie.pdb
P22505	Y	21	A	-3.443	21	2jie	A	2jie.pdb
P22505	Y	297	A	1.072	297	2jie	A	2jie.pdb
P22505	Y	297	F	-1.853	297	2jie	A	2jie.pdb
Q06525	C	264	D	-2.54	57	2juc	A	2juc.pdb
Q06525	C	264	S	-0.71	57	2juc	A	2juc.pdb
Q06525	R	225	A	-1.75	18	2juc	A	2juc.pdb
Q03689	D	288	A	1.2	288	2kj3	A	2kj3.pdb
Q03689	E	272	A	1.9	272	2kj3	A	2kj3.pdb
Q03689	G	278	A	-0.8	278	2kj3	A	2kj3.pdb
Q03689	K	229	A	1.5	229	2kj3	A	2kj3.pdb
Q03689	L	241	A	1.0	241	2kj3	A	2kj3.pdb
Q03689	S	273	A	1.4	273	2kj3	A	2kj3.pdb
Q03689	V	239	A	1.0	239	2kj3	A	2kj3.pdb
Q03689	V	264	A	1.0	264	2kj3	A	2kj3.pdb
Q03689	V	267	A	0.2	267	2kj3	A	2kj3.pdb
P81662	D	9	A	1.26	9	2ks4	A	2ks4.pdb
P81662	E	2	A	-0.23	2	2ks4	A	2ks4.pdb
Q15582	L	558	P	-1.57	558	2ltb	A	2ltb.pdb
Q15582	L	569	R	-3.11	569	2ltb	A	2ltb.pdb
Q15582	M	619	K	-3.34	619	2ltb	A	2ltb.pdb
Q15582	R	533	Q	-1.1	533	2ltb	A	2ltb.pdb
Q15582	R	555	Q	-0.36	555	2ltb	A	2ltb.pdb
Q15582	R	555	W	1.79	555	2ltb	A	2ltb.pdb
P26747	D	302	A	-4.0	302	2m5s	A	2m5s.pdb
P26747	H	305	A	-2.0	305	2m5s	A	2m5s.pdb
O15553	A	89	T	-0.24	89	2mpc	A	2mpc.pdb
O15553	R	42	A	0.62	42	2mpc	A	2mpc.pdb
O15553	R	42	W	2.08	42	2mpc	A	2mpc.pdb
O43353	P	521	A	-0.6	88	2n7z	A	2n7z.pdb
Q99728	I	738	V	-2.0	738	2nte	A	2nte.pdb
Q99728	R	658	C	-2.3	658	2nte	A	2nte.pdb
O60885	A	420	D	0.44	420	2ouo	A	2ouo.pdb
O34627	A	33	Y	0.5	33	2pr5	A	2pr5.pdb
O34627	A	81	M	-0.4	81	2pr5	A	2pr5.pdb
O34627	D	109	E	0.3	109	2pr5	A	2pr5.pdb
O34627	H	22	K	0.3	22	2pr5	A	2pr5.pdb
O34627	H	22	W	1.2	22	2pr5	A	2pr5.pdb
O34627	M	111	F	2.9	111	2pr5	A	2pr5.pdb
O34627	N	107	F	0.9	107	2pr5	A	2pr5.pdb
O34627	N	107	Y	0.8	107	2pr5	A	2pr5.pdb
O34627	N	124	F	1.1	124	2pr5	A	2pr5.pdb
O34627	N	124	Y	2.6	124	2pr5	A	2pr5.pdb
O34627	T	30	M	0.5	30	2pr5	A	2pr5.pdb
O34627	T	50	M	-0.5	50	2pr5	A	2pr5.pdb
O34627	T	54	Y	0.2	54	2pr5	A	2pr5.pdb
O34627	V	120	I	1.4	120	2pr5	A	2pr5.pdb
O34627	V	25	I	0.4	25	2pr5	A	2pr5.pdb
O34627	V	88	L	-0.2	88	2pr5	A	2pr5.pdb
O34627	V	90	I	-0.7	90	2pr5	A	2pr5.pdb
Q53291	A	45	G	-2.43	22	2ptl	A	2ptl.pdb
Q53291	A	50	P	0.1	27	2ptl	A	2ptl.pdb
Q53291	A	50	V	-0.83	27	2ptl	A	2ptl.pdb
Q53291	A	57	G	-2.17	34	2ptl	A	2ptl.pdb
Q53291	A	57	V	1.47	34	2ptl	A	2ptl.pdb
Q53291	A	66	G	-2.54	43	2ptl	A	2ptl.pdb
Q53291	A	70	G	-3.1	47	2ptl	A	2ptl.pdb
Q53291	A	72	G	-1.32	49	2ptl	A	2ptl.pdb
Q53291	A	74	G	-3.12	51	2ptl	A	2ptl.pdb
Q53291	A	89	G	-0.49	66	2ptl	A	2ptl.pdb
Q53291	D	75	A	-1.21	52	2ptl	A	2ptl.pdb
Q53291	D	75	G	-2.14	52	2ptl	A	2ptl.pdb
Q53291	D	87	A	-0.2	64	2ptl	A	2ptl.pdb
Q53291	E	58	A	-0.59	35	2ptl	A	2ptl.pdb
Q53291	E	69	G	-1.19	46	2ptl	A	2ptl.pdb
Q53291	E	69	I	-1.08	46	2ptl	A	2ptl.pdb
Q53291	E	83	A	-0.23	60	2ptl	A	2ptl.pdb
Q53291	F	49	A	-3.12	26	2ptl	A	2ptl.pdb
Q53291	F	49	L	-0.68	26	2ptl	A	2ptl.pdb
Q53291	F	59	A	-4.15	36	2ptl	A	2ptl.pdb
Q53291	F	59	L	-3.12	36	2ptl	A	2ptl.pdb
Q53291	F	63	G	-3.08	40	2ptl	A	2ptl.pdb
Q53291	F	63	L	-0.38	40	2ptl	A	2ptl.pdb
Q53291	F	99	L	-3.34	76	2ptl	A	2ptl.pdb
Q53291	F	99	V	-3.73	76	2ptl	A	2ptl.pdb
Q53291	G	52	A	-1.52	29	2ptl	A	2ptl.pdb
Q53291	G	52	V	-2.53	29	2ptl	A	2ptl.pdb
Q53291	G	61	A	-2.08	38	2ptl	A	2ptl.pdb
Q53291	G	82	A	-2.23	59	2ptl	A	2ptl.pdb
Q53291	G	92	A	-2.04	69	2ptl	A	2ptl.pdb
Q53291	I	43	A	-4.9	20	2ptl	A	2ptl.pdb
Q53291	I	43	V	-0.56	20	2ptl	A	2ptl.pdb
Q53291	I	48	A	-1.37	25	2ptl	A	2ptl.pdb
Q53291	I	48	V	-0.47	25	2ptl	A	2ptl.pdb
Q53291	I	97	A	-4.72	74	2ptl	A	2ptl.pdb
Q53291	I	97	V	-1.69	74	2ptl	A	2ptl.pdb
Q53291	K	44	A	-0.92	21	2ptl	A	2ptl.pdb
Q53291	K	60	A	-0.88	37	2ptl	A	2ptl.pdb
Q53291	K	65	G	0.16	42	2ptl	A	2ptl.pdb
Q53291	K	78	A	0.58	55	2ptl	A	2ptl.pdb
Q53291	K	79	A	0.35	56	2ptl	A	2ptl.pdb
Q53291	K	91	A	-0.09	68	2ptl	A	2ptl.pdb
Q53291	K	98	A	-0.45	75	2ptl	A	2ptl.pdb
Q53291	L	47	A	-3.12	24	2ptl	A	2ptl.pdb
Q53291	L	77	A	-2.44	54	2ptl	A	2ptl.pdb
Q53291	L	95	A	-3.77	72	1div	A	1div.pdb
Q53291	N	46	A	-1.87	23	2ptl	A	2ptl.pdb
Q53291	N	51	A	-1.78	28	2ptl	A	2ptl.pdb
Q53291	N	81	A	-0.34	58	2ptl	A	2ptl.pdb
Q53291	N	96	A	-1.73	73	2ptl	A	2ptl.pdb
Q53291	S	53	A	-0.3	30	2ptl	A	2ptl.pdb
Q53291	S	68	A	0.41	45	2ptl	A	2ptl.pdb
Q53291	S	68	G	-0.82	45	2ptl	A	2ptl.pdb
Q53291	T	42	A	-1.63	19	2ptl	A	2ptl.pdb
Q53291	T	54	A	-1.17	31	2ptl	A	2ptl.pdb
Q53291	T	56	A	-1.11	33	2ptl	A	2ptl.pdb
Q53291	T	62	A	-1.25	39	2ptl	A	2ptl.pdb
Q53291	T	67	A	-1.09	44	2ptl	A	2ptl.pdb
Q53291	T	76	G	-0.17	53	2ptl	A	2ptl.pdb
Q53291	T	85	A	-0.97	62	2ptl	A	2ptl.pdb
Q53291	T	94	A	-1.83	71	2ptl	A	2ptl.pdb
Q53291	V	41	A	-1.22	18	2ptl	A	2ptl.pdb
Q53291	V	86	A	-0.92	63	2ptl	A	2ptl.pdb
Q53291	V	88	A	-1.14	65	2ptl	A	2ptl.pdb
Q53291	Y	71	A	-2.82	48	2ptl	A	2ptl.pdb
Q53291	Y	73	A	-2.46	50	2ptl	A	2ptl.pdb
Q53291	Y	93	A	-1.66	70	2ptl	A	2ptl.pdb
Q53291	Y	93	L	0.43	70	2ptl	A	2ptl.pdb
P15891	E	540	L	1.05	7	2rpn	A	2rpn.pdb
P15891	V	554	K	0.39	21	2rpn	A	2rpn.pdb
O73951	D	287	A	-5.975	287	2vy0	A	2vy0.pdb
O73951	E	53	A	-6.597	53	2vy0	A	2vy0.pdb
P40040	D	14	A	0.3	15	2wqg	A	2wqg.pdb
P40040	D	37	A	0.1	38	2wqg	A	2wqg.pdb
P40040	D	38	A	-2.2	39	2wqg	A	2wqg.pdb
P40040	D	38	N	-2.6	39	2wqg	A	2wqg.pdb
P40040	E	39	Q	-0.1	40	2wqg	A	2wqg.pdb
P40040	E	40	G	-0.4	41	2wqg	A	2wqg.pdb
P40040	I	35	A	-0.9	36	2wqg	A	2wqg.pdb
P40040	I	35	V	-0.3	36	2wqg	A	2wqg.pdb
P40040	K	13	A	-0.4	14	2wqg	A	2wqg.pdb
P40040	K	13	G	-1.9	14	2wqg	A	2wqg.pdb
P40040	K	18	A	-0.3	19	2wqg	A	2wqg.pdb
P40040	K	27	A	-0.6	28	2wqg	A	2wqg.pdb
P40040	L	12	A	-0.5	13	2wqg	A	2wqg.pdb
P40040	L	15	A	-1.3	16	2wqg	A	2wqg.pdb
P40040	L	7	A	-2.0	8	2wqg	A	2wqg.pdb
P40040	Q	11	A	-0.6	12	2wqg	A	2wqg.pdb
P40040	Q	11	G	-2.0	12	2wqg	A	2wqg.pdb
P40040	Q	32	A	0.1	33	2wqg	A	2wqg.pdb
P40040	R	33	A	-0.8	34	2wqg	A	2wqg.pdb
P40040	S	22	A	-0.6	23	2wqg	A	2wqg.pdb
P40040	S	5	A	0.1	6	2wqg	A	2wqg.pdb
P40040	S	5	G	-0.2	6	2wqg	A	2wqg.pdb
P40040	T	8	S	0.1	9	2wqg	A	2wqg.pdb
P40040	V	9	A	-0.1	10	2wqg	A	2wqg.pdb
P40040	V	9	G	-0.7	10	2wqg	A	2wqg.pdb
P40040	V	10	A	0.4	11	2wqg	A	2wqg.pdb
P40040	V	10	G	0.1	11	2wqg	A	2wqg.pdb
P40040	V	23	A	-0.5	24	2wqg	A	2wqg.pdb
P40040	Y	4	F	-2.4	5	2wqg	A	2wqg.pdb
P03069	E	259	Q	-0.74	11	2zta	A	2zta.pdb
P03069	E	268	Q	0.2	20	2zta	A	2zta.pdb
P03069	E	270	Q	-1.83	22	2zta	A	2zta.pdb
P03069	K	263	A	-0.41	15	2zta	A	2zta.pdb
P03069	K	275	A	-0.91	27	2zta	A	2zta.pdb
P03069	K	276	A	-0.06	28	2zta	A	2zta.pdb
P03069	K	256	A	-0.39	8	2zta	A	2zta.pdb
P03069	R	273	A	-1.66	25	2zta	A	2zta.pdb
Q9EYL5	E	114	Q	1.369	96	3bci	A	3bci.pdb
Q9EYL5	T	171	V	-1.137	153	3bci	A	3bci.pdb
O66523	I	20	V	-1.506	20	3bn0	A	3bn0.pdb
P51608	D	156	E	0.88	156	3c2i	A	3c2i.pdb
P51608	F	155	S	0.43	155	3c2i	A	3c2i.pdb
P51608	L	100	V	1.11	100	3c2i	A	3c2i.pdb
P51608	P	152	R	1.46	152	3c2i	A	3c2i.pdb
P51608	R	106	Q	0.12	106	3c2i	A	3c2i.pdb
P51608	R	106	W	0.04	106	3c2i	A	3c2i.pdb
P51608	R	111	G	-0.43	111	3c2i	A	3c2i.pdb
P51608	R	133	C	0.37	133	3c2i	A	3c2i.pdb
P51608	R	133	H	0.24	133	3c2i	A	3c2i.pdb
P51608	S	134	C	1.05	134	3c2i	A	3c2i.pdb
P51608	T	158	A	0.47	158	3c2i	A	3c2i.pdb
P51608	T	158	M	0.25	158	3c2i	A	3c2i.pdb
P37957	M	165	E	3.02	134	3d2a	A	3d2a.pdb
P37957	M	168	P	3.34	137	3d2a	A	3d2a.pdb
P37957	S	194	P	2.11	163	3d2a	A	3d2a.pdb
P0A780	D	118	A	-0.65	118	3d3b	A	3d3b.pdb
P0A780	D	118	E	-0.6	118	3d3b	A	3d3b.pdb
P0A780	D	118	K	-1.6	118	3d3b	A	3d3b.pdb
P0A780	D	118	N	-1.34	118	3d3b	A	3d3b.pdb
P0A780	D	118	R	-1.41	118	3d3b	A	3d3b.pdb
P11961	A	131	G	-1.7	131	3dv0	I	3dv0.pdb
P11961	A	139	G	-2.3	139	3dv0	I	3dv0.pdb
P11961	A	165	G	-0.9	165	3dv0	I	3dv0.pdb
P11961	A	168	G	-0.3	168	3dv0	I	3dv0.pdb
P11961	D	145	A	-2.1	145	3dv0	I	3dv0.pdb
P11961	D	145	N	-0.9	145	3dv0	I	3dv0.pdb
P11961	D	162	N	-2.0	162	3dv0	I	3dv0.pdb
P11961	D	164	A	-2.3	164	3dv0	I	3dv0.pdb
P11961	D	164	G	-3.7	164	3dv0	I	3dv0.pdb
P11961	D	164	N	-1.9	164	3dv0	I	3dv0.pdb
P11961	E	141	A	-0.7	141	3dv0	I	3dv0.pdb
P11961	E	141	Q	-0.4	141	3dv0	I	3dv0.pdb
P11961	I	130	A	-0.7	130	3dv0	I	3dv0.pdb
P11961	I	130	G	-1.4	130	3dv0	I	3dv0.pdb
P11961	I	130	V	-0.2	130	3dv0	I	3dv0.pdb
P11961	I	146	A	-2.7	146	3dv0	I	3dv0.pdb
P11961	I	146	V	-1.2	146	3dv0	I	3dv0.pdb
P11961	I	163	V	-0.5	163	3dv0	I	3dv0.pdb
P11961	L	159	A	-2.0	159	3dv0	I	3dv0.pdb
P11961	L	159	G	-1.9	159	3dv0	I	3dv0.pdb
P11961	L	159	V	-0.6	159	3dv0	I	3dv0.pdb
P11961	L	167	A	-1.2	167	3dv0	I	3dv0.pdb
P11961	L	167	V	-0.2	167	3dv0	I	3dv0.pdb
P11961	V	129	A	-0.7	129	3dv0	I	3dv0.pdb
P11961	V	129	G	-1.0	129	3dv0	I	3dv0.pdb
P11961	V	135	A	-1.5	135	3dv0	I	3dv0.pdb
P11961	V	144	A	-2.0	144	3dv0	I	3dv0.pdb
P11961	V	149	A	-2.8	149	3dv0	I	3dv0.pdb
P11961	V	149	G	-4.1	149	3dv0	I	3dv0.pdb
P11961	V	158	A	-3.2	158	3dv0	I	3dv0.pdb
P11961	Y	138	F	-2.0	138	3dv0	I	3dv0.pdb
P00441	H	47	R	0.8	46	3ecu	A	3ecu.pdb
P0A6R3	P	61	A	-0.5	61	3fis	A	3fis.pdb
P03322	D	394	Y	0.34	155	3g1g	A	3g1g.pdb
P03322	F	406	Y	-0.74	167	3g1g	A	3g1g.pdb
P03322	I	429	V	-0.17	190	3g1g	A	3g1g.pdb
P03322	R	424	W	1.32	185	3g1g	A	3g1g.pdb
P78352	E	334	L	-3.35	334	3k82	A	3k82.pdb
P78352	E	334	Q	-1.68	334	3k82	A	3k82.pdb
P78352	E	401	R	5.49	401	3k82	A	3k82.pdb
Q15562	Y	442	H	-3.23	442	3l15	B	3l15.pdb
P02882	R	39	G	1.194	39	3mon	B	3mon.pdb
P02882	W	3	C	-2.866	3	3mon	B	3mon.pdb
Q8XDZ4	F	138	I	-1.81	115	3o39	A	3o39.pdb
Q8XDZ4	F	138	L	-1.64	115	3o39	A	3o39.pdb
Q8XDZ4	H	119	L	-0.58	96	3o39	A	3o39.pdb
Q8XDZ4	L	55	P	-3.25	32	3o39	A	3o39.pdb
Q8XDZ4	Q	123	L	-2.0	100	3o39	A	3o39.pdb
Q8XDZ4	Q	72	L	-0.05	49	3o39	A	3o39.pdb
Q16595	D	122	Y	-1.3	122	3s4m	A	3s4m.pdb
Q16595	G	130	V	-2.5	130	3s4m	A	3s4m.pdb
Q16595	I	154	F	0.096	154	3s4m	A	3s4m.pdb
Q16595	W	155	R	-0.693	155	3s4m	A	3s4m.pdb
Q15059	H	395	R	2.03	395	3s92	A	3s92.pdb
O60885	A	89	V	0.99	89	4bjx	A	4bjx.pdb
A2IC68	Y	146	A	0.89	137	4buq	A	4buq.pdb
A2IC68	Y	57	A	-1.435	48	4buq	A	4buq.pdb
P56552	A	19	D	-0.24	19	4he7	A	4he7.pdb
P56552	A	19	G	0.06	19	4he7	A	4he7.pdb
P56552	A	19	K	-0.46	19	4he7	A	4he7.pdb
P04080	H	75	W	0.574	75	4n6v	0	4n6v.pdb
P04080	P	36	G	-1.362	36	4n6v	0	4n6v.pdb
P04080	P	79	S	1.745	79	4n6v	0	4n6v.pdb
Q9GZQ8	K	49	A	0.1	65	4waa	A	4waa.pdb
Q9GZQ8	K	51	A	-2.07	67	4waa	A	4waa.pdb
Q9GZQ8	R	11	A	-0.44	27	4waa	A	4waa.pdb
Q9QZH4	V	133	T	-0.71	134	4yee	A	4yee.pdb
P80386	T	134	V	-0.93	134	4yef	A	4yef.pdb
P78352	D	332	G	-1.44	329	5jxb	A	5jxb.pdb
P78352	D	332	P	-1.44	329	5jxb	A	5jxb.pdb
Q15561	Y	429	H	-2.99	429	5oaq	A	5oaq.pdb
E0WVU4	R	39	K	0.413	39	5vp3	A	5vp3.pdb
E0WVU4	S	128	G	-0.378	128	5vp3	A	5vp3.pdb
E0WVU4	V	183	T	0.354	183	5vp3	A	5vp3.pdb
1fh5H	S	15	N	0.6	18	1fh5	H	1fh5.pdb
1iv7B	A	73	C	0.5	173	1iv7	B	1iv7.pdb
1iv7B	F	89	C	-2.5	189	1iv7	B	1iv7.pdb
1iv7B	L	62	C	-1.9	162	1iv7	B	1iv7.pdb
1iv9A	S	76	Y	4.299	76	1iv9	A	1iv9.pdb
