WT	MutPos	Mut	DDG	PDB_ID	Chain	Key	SeqPos	FILE_PATH
S	11	A	-1.8	1a0f	A	1a0f_A	11	1a0f.pdb
A	104	H	-2.69	1a7v	A	1a7v_A	104	1a7v.pdb
A	66	H	-1.98	1a7v	A	1a7v_A	66	1a7v.pdb
A	91	H	-1.7	1a7v	A	1a7v_A	91	1a7v.pdb
D	3	H	-1.36	1a7v	A	1a7v_A	3	1a7v.pdb
D	58	H	-2.05	1a7v	A	1a7v_A	58	1a7v.pdb
E	73	H	-3.01	1a7v	A	1a7v_A	73	1a7v.pdb
K	13	H	-0.6	1a7v	A	1a7v_A	13	1a7v.pdb
K	20	H	-2.88	1a7v	A	1a7v_A	20	1a7v.pdb
K	31	H	-1.36	1a7v	A	1a7v_A	31	1a7v.pdb
K	39	H	-1.86	1a7v	A	1a7v_A	39	1a7v.pdb
K	49	H	-2.02	1a7v	A	1a7v_A	49	1a7v.pdb
K	84	H	-2.88	1a7v	A	1a7v_A	84	1a7v.pdb
K	97	H	-1.97	1a7v	A	1a7v_A	97	1a7v.pdb
H	461	D	-1.745	1ba3	A	1ba3_A	457	1ba3.pdb
H	489	D	0.287	1ba3	A	1ba3_A	485	1ba3.pdb
H	489	K	-0.287	1ba3	A	1ba3_A	485	1ba3.pdb
H	489	M	-0.263	1ba3	A	1ba3_A	485	1ba3.pdb
M	35	W	-0.7	1bfm	A	1bfm_A	35	1bfm.pdb
M	35	Y	-0.4	1bfm	A	1bfm_A	35	1bfm.pdb
D	76	A	-0.821	1bnl	A	1bnl_A	76	1bnl.pdb
H	71	Y	-0.04	1d5g	A	1d5g_A	71	1d5g.pdb
I	20	F	0.91	1d5g	A	1d5g_A	20	1d5g.pdb
D	23	A	-0.46	1div	A	1div_A	23	1div.pdb
D	23	N	-0.58	1div	A	1div_A	23	1div.pdb
D	8	N	-0.3	1div	A	1div_A	8	1div.pdb
E	100	A	-0.98	1div	A	1div_A	100	1div.pdb
E	100	G	-1.52	1div	A	1div_A	100	1div.pdb
E	17	Q	-0.21	1div	A	1div_A	17	1div.pdb
E	38	Q	-0.56	1div	A	1div_A	38	1div.pdb
E	48	Q	0.03	1div	A	1div_A	48	1div.pdb
E	54	Q	0.33	1div	A	1div_A	54	1div.pdb
H	106	Q	-1.53	1div	A	1div_A	106	1div.pdb
H	134	Q	-0.34	1div	A	1div_A	134	1div.pdb
H	144	Q	-0.56	1div	A	1div_A	144	1div.pdb
I	115	A	-3.52	1div	A	1div_A	115	1div.pdb
I	121	A	-2.88	1div	A	1div_A	121	1div.pdb
I	4	A	-2.22	1div	A	1div_A	4	1div.pdb
I	4	V	-0.59	1div	A	1div_A	4	1div.pdb
I	79	A	-3.49	1div	A	1div_A	79	1div.pdb
I	93	A	-3.19	1div	A	1div_A	93	1div.pdb
I	98	A	-4.28	1div	A	1div_A	98	1div.pdb
K	10	M	0.05	1div	A	1div_A	10	1div.pdb
K	14	M	0.01	1div	A	1div_A	14	1div.pdb
K	15	M	-0.31	1div	A	1div_A	15	1div.pdb
K	7	M	0.35	1div	A	1div_A	7	1div.pdb
K	96	A	0.61	1div	A	1div_A	96	1div.pdb
K	96	G	-0.2	1div	A	1div_A	96	1div.pdb
L	102	A	-2.37	1div	A	1div_A	102	1div.pdb
L	108	A	-2.33	1div	A	1div_A	108	1div.pdb
L	110	A	-3.21	1div	A	1div_A	110	1div.pdb
L	117	A	-0.82	1div	A	1div_A	117	1div.pdb
L	133	A	-2.94	1div	A	1div_A	133	1div.pdb
L	141	A	-3.56	1div	A	1div_A	141	1div.pdb
L	30	A	-2.76	1div	A	1div_A	30	1div.pdb
L	30	V	-3.62	1div	A	1div_A	30	1div.pdb
L	6	A	-3.1	1div	A	1div_A	6	1div.pdb
L	6	I	-0.13	1div	A	1div_A	6	1div.pdb
L	6	V	-0.41	1div	A	1div_A	6	1div.pdb
L	72	A	-3.77	1div	A	1div_A	72	1div.pdb
M	1	A	-1.46	1div	A	1div_A	1	1div.pdb
M	1	G	-2.36	1div	A	1div_A	1	1div.pdb
V	129	A	-1.81	1div	A	1div_A	129	1div.pdb
V	131	A	-1.93	1div	A	1div_A	131	1div.pdb
V	137	A	-2.41	1div	A	1div_A	137	1div.pdb
V	143	A	-3.25	1div	A	1div_A	143	1div.pdb
V	145	A	-1.92	1div	A	1div_A	145	1div.pdb
V	21	A	-2.33	1div	A	1div_A	21	1div.pdb
V	21	I	-0.4	1div	A	1div_A	21	1div.pdb
V	21	L	-1.23	1div	A	1div_A	21	1div.pdb
V	3	A	-2.55	1div	A	1div_A	3	1div.pdb
V	3	I	-0.31	1div	A	1div_A	3	1div.pdb
V	3	L	-2.21	1div	A	1div_A	3	1div.pdb
K	18	N	-3.7	1dxx	A	1dxx_A	10	1dxx.pdb
L	198	C	-1.0	1ekg	A	1ekg_A	109	1ekg.pdb
L	200	C	-2.0	1ekg	A	1ekg_A	111	1ekg.pdb
L	203	C	1.0	1ekg	A	1ekg_A	114	1ekg.pdb
S	181	F	-2.6	1ekg	A	1ekg_A	92	1ekg.pdb
F	345	A	-0.455	1f8i	A	1f8i_A	345	1f8i.pdb
S	18	N	0.6	1fh5	H	1fh5_H	15	1fh5.pdb
H	42	R	4.0	1frd	A	1frd_A	42	1frd.pdb
I	264	V	-0.64	1ft8	A	1ft8_A	144	1ft8.pdb
L	212	V	-1.38	1ft8	A	1ft8_A	92	1ft8.pdb
L	238	I	-0.35	1ft8	A	1ft8_A	118	1ft8.pdb
L	267	I	-0.11	1ft8	A	1ft8_A	147	1ft8.pdb
L	293	I	-0.8	1ft8	A	1ft8_A	173	1ft8.pdb
L	293	V	-1.41	1ft8	A	1ft8_A	173	1ft8.pdb
L	315	A	-1.65	1ft8	A	1ft8_A	195	1ft8.pdb
L	317	I	-0.85	1ft8	A	1ft8_A	197	1ft8.pdb
L	348	I	-0.53	1ft8	A	1ft8_A	228	1ft8.pdb
L	349	I	0.05	1ft8	A	1ft8_A	229	1ft8.pdb
M	216	L	0.27	1ft8	A	1ft8_A	96	1ft8.pdb
S	339	A	0.32	1ft8	A	1ft8_A	219	1ft8.pdb
V	287	A	-0.16	1ft8	A	1ft8_A	167	1ft8.pdb
E	94	D	-1.1	1fxa	A	1fxa_A	94	1fxa.pdb
E	94	K	-0.4	1fxa	A	1fxa_A	94	1fxa.pdb
E	94	Q	0.6	1fxa	A	1fxa_A	94	1fxa.pdb
E	95	K	1.0	1fxa	A	1fxa_A	95	1fxa.pdb
F	65	A	-1.0	1fxa	A	1fxa_A	65	1fxa.pdb
F	65	I	-0.9	1fxa	A	1fxa_A	65	1fxa.pdb
F	65	W	-0.6	1fxa	A	1fxa_A	65	1fxa.pdb
F	65	Y	-0.5	1fxa	A	1fxa_A	65	1fxa.pdb
R	42	A	-2.4	1fxa	A	1fxa_A	42	1fxa.pdb
R	42	H	-1.4	1fxa	A	1fxa_A	42	1fxa.pdb
T	48	A	0.1	1fxa	A	1fxa_A	48	1fxa.pdb
A	147	K	-0.287	1g3p	A	1g3p_A	121	1g3p.pdb
D	160	A	-0.263	1g3p	A	1g3p_A	134	1g3p.pdb
D	160	C	-0.096	1g3p	A	1g3p_A	134	1g3p.pdb
D	160	E	-0.359	1g3p	A	1g3p_A	134	1g3p.pdb
D	160	F	-0.359	1g3p	A	1g3p_A	134	1g3p.pdb
D	160	G	-0.669	1g3p	A	1g3p_A	134	1g3p.pdb
D	160	H	0.048	1g3p	A	1g3p_A	134	1g3p.pdb
D	160	I	-0.932	1g3p	A	1g3p_A	134	1g3p.pdb
D	160	K	-0.335	1g3p	A	1g3p_A	134	1g3p.pdb
D	160	L	-0.55	1g3p	A	1g3p_A	134	1g3p.pdb
D	160	M	-0.502	1g3p	A	1g3p_A	134	1g3p.pdb
D	160	N	0.072	1g3p	A	1g3p_A	134	1g3p.pdb
D	160	P	-0.645	1g3p	A	1g3p_A	134	1g3p.pdb
D	160	Q	-0.478	1g3p	A	1g3p_A	134	1g3p.pdb
D	160	R	-0.669	1g3p	A	1g3p_A	134	1g3p.pdb
D	160	S	-0.287	1g3p	A	1g3p_A	134	1g3p.pdb
D	160	T	-0.741	1g3p	A	1g3p_A	134	1g3p.pdb
D	160	V	-1.123	1g3p	A	1g3p_A	134	1g3p.pdb
D	160	W	-0.167	1g3p	A	1g3p_A	134	1g3p.pdb
D	160	Y	-0.072	1g3p	A	1g3p_A	134	1g3p.pdb
F	136	V	-3.705	1g3p	A	1g3p_A	110	1g3p.pdb
N	138	G	0.765	1g3p	A	1g3p_A	112	1g3p.pdb
N	139	K	-0.43	1g3p	A	1g3p_A	113	1g3p.pdb
N	139	V	-2.032	1g3p	A	1g3p_A	113	1g3p.pdb
Q	137	N	-1.793	1g3p	A	1g3p_A	111	1g3p.pdb
Q	145	N	0.263	1g3p	A	1g3p_A	119	1g3p.pdb
R	144	V	0.765	1g3p	A	1g3p_A	118	1g3p.pdb
C	500	A	-1.22	1glu	A	1glu_A	67	1glu.pdb
A	118	G	-1.963	1gua	B	1gua_B	63	1gua.pdb
A	118	L	-1.951	1gua	B	1gua_B	63	1gua.pdb
A	85	G	-2.149	1gua	B	1gua_B	30	1gua.pdb
A	97	G	-0.863	1gua	B	1gua_B	42	1gua.pdb
C	81	A	0.283	1gua	B	1gua_B	26	1gua.pdb
C	81	I	-0.912	1gua	B	1gua_B	26	1gua.pdb
C	95	A	-0.08	1gua	B	1gua_B	40	1gua.pdb
C	96	A	-1.759	1gua	B	1gua_B	41	1gua.pdb
C	96	L	-0.043	1gua	B	1gua_B	41	1gua.pdb
C	96	M	-0.337	1gua	B	1gua_B	41	1gua.pdb
D	117	A	-0.706	1gua	B	1gua_B	62	1gua.pdb
D	129	A	-0.855	1gua	B	1gua_B	74	1gua.pdb
D	80	A	-0.493	1gua	B	1gua_B	25	1gua.pdb
E	104	A	0.021	1gua	B	1gua_B	49	1gua.pdb
E	124	A	-0.101	1gua	B	1gua_B	69	1gua.pdb
E	125	A	-0.591	1gua	B	1gua_B	70	1gua.pdb
I	58	A	-3.274	1gua	B	1gua_B	3	1gua.pdb
I	58	F	-1.299	1gua	B	1gua_B	3	1gua.pdb
I	58	L	-0.771	1gua	B	1gua_B	3	1gua.pdb
K	109	A	-0.327	1gua	B	1gua_B	54	1gua.pdb
L	112	A	-2.593	1gua	B	1gua_B	57	1gua.pdb
L	121	A	-2.534	1gua	B	1gua_B	66	1gua.pdb
L	126	A	-3.405	1gua	B	1gua_B	71	1gua.pdb
L	62	A	-3.46	1gua	B	1gua_B	7	1gua.pdb
L	78	A	-3.803	1gua	B	1gua_B	23	1gua.pdb
L	82	A	-3.529	1gua	B	1gua_B	27	1gua.pdb
L	82	I	-1.6	1gua	B	1gua_B	27	1gua.pdb
L	82	V	-1.7	1gua	B	1gua_B	27	1gua.pdb
L	86	A	-3.226	1gua	B	1gua_B	31	1gua.pdb
L	91	A	-1.575	1gua	B	1gua_B	36	1gua.pdb
M	76	A	-0.961	1gua	B	1gua_B	21	1gua.pdb
N	56	M	0.271	1gua	B	1gua_B	1	1gua.pdb
N	64	A	-1.14	1gua	B	1gua_B	9	1gua.pdb
P	63	A	-1.708	1gua	B	1gua_B	8	1gua.pdb
P	93	A	-0.082	1gua	B	1gua_B	38	1gua.pdb
Q	66	A	-0.504	1gua	B	1gua_B	11	1gua.pdb
R	100	A	-0.693	1gua	B	1gua_B	45	1gua.pdb
R	59	A	0.178	1gua	B	1gua_B	4	1gua.pdb
R	89	L	1.078	1gua	B	1gua_B	34	1gua.pdb
S	77	A	-1.573	1gua	B	1gua_B	22	1gua.pdb
S	77	T	0.581	1gua	B	1gua_B	22	1gua.pdb
T	68	A	-0.109	1gua	B	1gua_B	13	1gua.pdb
V	128	A	-3.368	1gua	B	1gua_B	73	1gua.pdb
V	60	A	-2.251	1gua	B	1gua_B	5	1gua.pdb
V	69	A	-1.116	1gua	B	1gua_B	14	1gua.pdb
V	70	A	-1.77	1gua	B	1gua_B	15	1gua.pdb
V	72	A	-1.052	1gua	B	1gua_B	17	1gua.pdb
V	72	I	-0.864	1gua	B	1gua_B	17	1gua.pdb
V	98	A	-1.981	1gua	B	1gua_B	43	1gua.pdb
A	8	D	-1.6	1gwy	A	1gwy_A	8	1gwy.pdb
P	18	A	-1.936	1h0x	A	1h0x_A	10	1h0x.pdb
P	62	A	-2.581	1h0x	A	1h0x_A	54	1h0x.pdb
C	67	A	-2.09	1hcq	A	1hcq_A	67	1hcq.pdb
C	67	S	-1.99	1hcq	A	1hcq_A	67	1hcq.pdb
G	15	A	0.4	1ioj	A	1ioj_A	15	1ioj.pdb
W	1175	F	0.6	1ir3	A	1ir3_A	192	1ir3.pdb
C	24	T	-3.3	1itm	A	1itm_A	25	1itm.pdb
C	3	T	-5.0	1itm	A	1itm_A	4	1itm.pdb
W	91	S	1.4	1itm	A	1itm_A	92	1itm.pdb
A	173	C	0.5	1iv7	B	1iv7_B	73	1iv7.pdb
F	189	C	-2.5	1iv7	B	1iv7_B	89	1iv7.pdb
L	162	C	-1.9	1iv7	B	1iv7_B	62	1iv7.pdb
S	76	Y	4.299	1iv9	A	1iv9_A	76	1iv9.pdb
K	25	A	0.1	1j8i	A	1j8i_A	25	1j8i.pdb
K	66	A	0.1	1j8i	A	1j8i_A	66	1j8i.pdb
R	23	A	0.8	1j8i	A	1j8i_A	23	1j8i.pdb
R	35	A	-0.1	1j8i	A	1j8i_A	35	1j8i.pdb
R	43	A	0.7	1j8i	A	1j8i_A	43	1j8i.pdb
R	9	A	-0.1	1j8i	A	1j8i_A	9	1j8i.pdb
A	25	C	-1.44	1jl9	A	1jl9_A	20	1jl9.pdb
E	64	D	-1.162	1jlv	A	1jlv_A	64	1jlv.pdb
E	64	N	-2.304	1jlv	A	1jlv_A	64	1jlv.pdb
E	64	Q	-2.302	1jlv	A	1jlv_A	64	1jlv.pdb
F	39	A	-1.697	1l6h	A	1l6h_A	39	1l6h.pdb
Y	45	A	-0.55	1l6h	A	1l6h_A	45	1l6h.pdb
Y	48	A	-1.482	1l6h	A	1l6h_A	48	1l6h.pdb
E	106	G	1.4	1lvm	A	1lvm_A	114	1lvm.pdb
K	45	F	0.43	1lvm	A	1lvm_A	53	1lvm.pdb
L	56	V	0.0	1lvm	A	1lvm_A	64	1lvm.pdb
Q	58	F	0.6	1lvm	A	1lvm_A	66	1lvm.pdb
S	135	G	0.0	1lvm	A	1lvm_A	143	1lvm.pdb
E	100	G	-2.5	1n18	A	1n18_A	100	1n18.pdb
G	85	R	-1.4	1n18	A	1n18_A	85	1n18.pdb
H	46	R	1.4	1n18	A	1n18_A	46	1n18.pdb
V	148	I	0.1	1n18	A	1n18_A	148	1n18.pdb
F	21	A	-1.39	1n88	A	1n88_A	21	1n88.pdb
I	39	A	-1.39	1n88	A	1n88_A	39	1n88.pdb
I	80	A	-2.79	1n88	A	1n88_A	80	1n88.pdb
I	89	A	-2.35	1n88	A	1n88_A	89	1n88.pdb
I	8	V	-1.52	1n88	A	1n88_A	8	1n88.pdb
L	13	A	-1.52	1n88	A	1n88_A	13	1n88.pdb
L	57	A	-1.11	1n88	A	1n88_A	57	1n88.pdb
V	12	A	-1.94	1n88	A	1n88_A	12	1n88.pdb
V	30	A	-2.84	1n88	A	1n88_A	30	1n88.pdb
V	43	A	-2.82	1n88	A	1n88_A	43	1n88.pdb
V	49	A	-2.83	1n88	A	1n88_A	49	1n88.pdb
V	51	A	-3.24	1n88	A	1n88_A	51	1n88.pdb
V	54	A	-3.73	1n88	A	1n88_A	54	1n88.pdb
V	81	A	-2.82	1n88	A	1n88_A	81	1n88.pdb
V	83	A	-3.1	1n88	A	1n88_A	83	1n88.pdb
Y	18	A	0.06	1n88	A	1n88_A	18	1n88.pdb
Y	26	A	-4.61	1n88	A	1n88_A	26	1n88.pdb
D	187	N	-0.88	1nm1	A	1nm1_A	176	1nm1.pdb
D	187	Y	-1.9	1nm1	A	1nm1_A	176	1nm1.pdb
E	110	A	-3.3	1o1u	A	1o1u_A	110	1o1u.pdb
N	61	A	-1.2	1o1u	A	1o1u_A	61	1o1u.pdb
Q	51	A	-0.3	1o1u	A	1o1u_A	51	1o1u.pdb
Q	99	A	0.3	1o1u	A	1o1u_A	99	1o1u.pdb
T	38	A	-1.2	1o1u	A	1o1u_A	38	1o1u.pdb
W	49	Y	-1.2	1o1u	A	1o1u_A	49	1o1u.pdb
A	31	G	-1.2	1o6x	A	1o6x_A	31	1o6x.pdb
A	50	G	-1.4	1o6x	A	1o6x_A	50	1o6x.pdb
D	38	A	0.36	1o6x	A	1o6x_A	38	1o6x.pdb
E	14	A	-0.3	1o6x	A	1o6x_A	14	1o6x.pdb
E	20	G	-1.42	1o6x	A	1o6x_A	20	1o6x.pdb
F	39	L	-1.88	1o6x	A	1o6x_A	39	1o6x.pdb
F	65	A	-0.98	1o6x	A	1o6x_A	65	1o6x.pdb
H	51	A	-0.61	1o6x	A	1o6x_A	51	1o6x.pdb
I	15	V	-0.43	1o6x	A	1o6x_A	15	1o6x.pdb
I	23	V	0.42	1o6x	A	1o6x_A	23	1o6x.pdb
I	71	V	-1.31	1o6x	A	1o6x_A	71	1o6x.pdb
I	75	A	-1.31	1o6x	A	1o6x_A	75	1o6x.pdb
K	41	A	-1.98	1o6x	A	1o6x_A	41	1o6x.pdb
L	26	V	-0.97	1o6x	A	1o6x_A	26	1o6x.pdb
N	58	A	-0.08	1o6x	A	1o6x_A	58	1o6x.pdb
Q	60	G	-0.49	1o6x	A	1o6x_A	60	1o6x.pdb
V	12	A	-1.1	1o6x	A	1o6x_A	12	1o6x.pdb
V	52	A	-1.08	1o6x	A	1o6x_A	52	1o6x.pdb
V	64	G	-1.1	1o6x	A	1o6x_A	64	1o6x.pdb
Y	73	L	-2.78	1o6x	A	1o6x_A	73	1o6x.pdb
I	11	V	-0.05	1osi	A	1osi_A	11	1osi.pdb
S	92	F	0.39	1osi	A	1osi_A	92	1osi.pdb
V	126	M	-2.25	1osi	A	1osi_A	126	1osi.pdb
V	15	I	-0.78	1osi	A	1osi_A	15	1osi.pdb
A	20	T	-1.53	1pfl	A	1pfl_A	20	1pfl.pdb
G	117	V	-1.96	1pfl	A	1pfl_A	117	1pfl.pdb
M	113	T	-3.53	1pfl	A	1pfl_A	113	1pfl.pdb
Q	138	L	1.82	1pfl	A	1pfl_A	138	1pfl.pdb
T	108	M	0.07	1pfl	A	1pfl_A	108	1pfl.pdb
C	159	S	-2.4	1pre	A	1pre_A	158	1pre.pdb
E	460	K	-0.17	1prg	A	1prg_A	254	1prg.pdb
F	360	L	-0.4	1prg	A	1prg_A	154	1prg.pdb
P	467	L	0.11	1prg	A	1prg_A	261	1prg.pdb
Q	286	P	-0.3	1prg	A	1prg_A	80	1prg.pdb
R	288	H	0.06	1prg	A	1prg_A	82	1prg.pdb
R	357	A	0.19	1prg	A	1prg_A	151	1prg.pdb
V	290	M	0.03	1prg	A	1prg_A	84	1prg.pdb
R	244	E	-4.2	1r2y	A	1r2y_A	243	1r2y.pdb
I	88	N	-0.13	1r6r	A	1r6r_A	68	1r6r.pdb
L	50	S	-2.81	1r6r	A	1r6r_A	30	1r6r.pdb
L	54	S	-0.24	1r6r	A	1r6r_A	34	1r6r.pdb
L	81	N	-6.84	1r6r	A	1r6r_A	61	1r6r.pdb
C	111	S	0.8	1spd	A	1spd_A	111	1spd.pdb
C	6	A	0.1	1spd	A	1spd_A	6	1spd.pdb
D	160	N	-4.1	1x0j	A	1x0j_A	82	1x0j.pdb
D	160	Y	-4.02	1x0j	A	1x0j_A	82	1x0j.pdb
D	161	N	-2.21	1x0j	A	1x0j_A	83	1x0j.pdb
D	161	Y	-3.38	1x0j	A	1x0j_A	83	1x0j.pdb
E	140	K	-3.48	1x0j	A	1x0j_A	64	1x0j.pdb
R	100	L	-5.22	1x0j	A	1x0j_A	27	1x0j.pdb
Y	153	H	-6.49	1x0j	A	1x0j_A	75	1x0j.pdb
E	124	Q	-2.9	1xws	A	1xws_A	92	1xws.pdb
E	135	K	-4.59	1xws	A	1xws_A	103	1xws.pdb
E	142	D	-3.22	1xws	A	1xws_A	110	1xws.pdb
Y	53	H	-3.3	1xws	A	1xws_A	21	1xws.pdb
N	181	R	0.358	1xxn	A	1xxn_A	181	1xxn.pdb
N	32	D	-0.86	1xxn	A	1xxn_A	32	1xxn.pdb
N	54	E	-0.645	1xxn	A	1xxn_A	54	1xxn.pdb
S	22	E	0.239	1xxn	A	1xxn_A	22	1xxn.pdb
S	27	E	-0.645	1xxn	A	1xxn_A	27	1xxn.pdb
F	42	W	2.87	1xzo	A	1xzo_A	40	1xzo.pdb
W	101	F	-2.89	1xzo	A	1xzo_A	99	1xzo.pdb
W	36	A	-8.93	1xzo	A	1xzo_A	34	1xzo.pdb
W	36	F	-4.25	1xzo	A	1xzo_A	34	1xzo.pdb
H	1069	Q	-0.717	2arf	A	2arf_A	38	2arf.pdb
V	84	D	-4.493	2bjd	A	2bjd_A	73	2bjd.pdb
V	84	P	-4.517	2bjd	A	2bjd_A	73	2bjd.pdb
Y	86	E	-2.103	2bjd	A	2bjd_A	75	2bjd.pdb
Y	79	F	-0.012	2c9q	A	2c9q_A	79	2c9q.pdb
Y	79	W	-1.233	2c9q	A	2c9q_A	79	2c9q.pdb
H	13	F	0.12	2clr	B	2clr_B	14	2clr.pdb
H	31	F	2.605	2clr	B	2clr_B	32	2clr.pdb
H	51	F	-1.912	2clr	B	2clr_B	52	2clr.pdb
H	84	A	-2.629	2clr	B	2clr_B	85	2clr.pdb
Q	443	H	0.89	2dvv	A	2dvv_A	100	2dvv.pdb
R	419	W	-0.02	2dvv	A	2dvv_A	76	2dvv.pdb
E	12	A	1.07	2h3f	A	2h3f_A	11	2h3f.pdb
A	22	G	-0.32	2hbb	A	2hbb_A	22	2hbb.pdb
A	26	G	-1.79	2hbb	A	2hbb_A	26	2hbb.pdb
A	36	G	-1.55	2hbb	A	2hbb_A	36	2hbb.pdb
A	39	G	-1.59	2hbb	A	2hbb_A	39	2hbb.pdb
A	42	G	-0.33	2hbb	A	2hbb_A	42	2hbb.pdb
A	46	G	-0.55	2hbb	A	2hbb_A	46	2hbb.pdb
A	49	G	-0.22	2hbb	A	2hbb_A	49	2hbb.pdb
D	23	A	-0.03	2hbb	A	2hbb_A	23	2hbb.pdb
D	23	N	-0.79	2hbb	A	2hbb_A	23	2hbb.pdb
D	8	A	-1.3	2hbb	A	2hbb_A	8	2hbb.pdb
D	8	N	-0.38	2hbb	A	2hbb_A	8	2hbb.pdb
E	17	A	-1.69	2hbb	A	2hbb_A	17	2hbb.pdb
E	17	Q	-0.33	2hbb	A	2hbb_A	17	2hbb.pdb
E	38	A	-0.41	2hbb	A	2hbb_A	38	2hbb.pdb
E	38	Q	-0.68	2hbb	A	2hbb_A	38	2hbb.pdb
E	48	Q	0.07	2hbb	A	2hbb_A	48	2hbb.pdb
F	31	A	-2.84	2hbb	A	2hbb_A	31	2hbb.pdb
F	5	L	-1.15	2hbb	A	2hbb_A	5	2hbb.pdb
G	24	A	0.02	2hbb	A	2hbb_A	24	2hbb.pdb
G	34	A	-1.02	2hbb	A	2hbb_A	34	2hbb.pdb
I	18	A	-2.05	2hbb	A	2hbb_A	18	2hbb.pdb
I	18	V	-0.07	2hbb	A	2hbb_A	18	2hbb.pdb
I	37	A	-1.28	2hbb	A	2hbb_A	37	2hbb.pdb
I	37	V	0.09	2hbb	A	2hbb_A	37	2hbb.pdb
I	4	V	-0.59	2hbb	A	2hbb_A	4	2hbb.pdb
K	10	E	0.13	2hbb	A	2hbb_A	10	2hbb.pdb
K	10	M	0.47	2hbb	A	2hbb_A	10	2hbb.pdb
K	12	A	0.61	2hbb	A	2hbb_A	12	2hbb.pdb
K	12	G	0.03	2hbb	A	2hbb_A	12	2hbb.pdb
K	12	M	1.8	2hbb	A	2hbb_A	12	2hbb.pdb
K	14	A	-0.73	2hbb	A	2hbb_A	14	2hbb.pdb
K	14	G	-1.3	2hbb	A	2hbb_A	14	2hbb.pdb
K	14	M	-0.34	2hbb	A	2hbb_A	14	2hbb.pdb
K	15	G	-1.74	2hbb	A	2hbb_A	15	2hbb.pdb
K	15	M	-0.44	2hbb	A	2hbb_A	15	2hbb.pdb
K	7	M	0.21	2hbb	A	2hbb_A	7	2hbb.pdb
L	30	A	-2.76	2hbb	A	2hbb_A	30	2hbb.pdb
L	35	A	-1.21	2hbb	A	2hbb_A	35	2hbb.pdb
L	44	A	-1.73	2hbb	A	2hbb_A	44	2hbb.pdb
L	47	A	-0.84	2hbb	A	2hbb_A	47	2hbb.pdb
L	6	A	-3.1	2hbb	A	2hbb_A	6	2hbb.pdb
M	1	A	-1.46	2hbb	A	2hbb_A	1	2hbb.pdb
T	40	S	-0.8	2hbb	A	2hbb_A	40	2hbb.pdb
V	21	A	-2.33	2hbb	A	2hbb_A	21	2hbb.pdb
V	3	A	-2.55	2hbb	A	2hbb_A	3	2hbb.pdb
V	9	A	-1.81	2hbb	A	2hbb_A	9	2hbb.pdb
C	170	A	2.997	2jie	A	2jie_A	167	2jie.pdb
C	170	Q	2.581	2jie	A	2jie_A	167	2jie.pdb
E	157	D	-2.075	2jie	A	2jie_A	154	2jie.pdb
E	167	A	4.247	2jie	A	2jie_A	164	2jie.pdb
E	225	A	-4.36	2jie	A	2jie_A	222	2jie.pdb
E	225	H	-1.515	2jie	A	2jie_A	222	2jie.pdb
E	409	A	0.825	2jie	A	2jie_A	406	2jie.pdb
E	409	D	-0.909	2jie	A	2jie_A	406	2jie.pdb
E	426	S	0.87	2jie	A	2jie_A	423	2jie.pdb
F	418	A	-0.165	2jie	A	2jie_A	415	2jie.pdb
H	104	R	1.536	2jie	A	2jie_A	101	2jie.pdb
I	247	E	1.241	2jie	A	2jie_A	244	2jie.pdb
I	247	N	0.974	2jie	A	2jie_A	244	2jie.pdb
L	174	A	-0.79	2jie	A	2jie_A	171	2jie.pdb
L	174	R	0.336	2jie	A	2jie_A	171	2jie.pdb
M	224	A	-4.098	2jie	A	2jie_A	221	2jie.pdb
M	326	A	-1.298	2jie	A	2jie_A	323	2jie.pdb
N	166	A	-3.397	2jie	A	2jie_A	163	2jie.pdb
N	166	C	-2.964	2jie	A	2jie_A	163	2jie.pdb
N	223	A	-0.671	2jie	A	2jie_A	220	2jie.pdb
N	223	G	3.462	2jie	A	2jie_A	220	2jie.pdb
N	223	H	2.583	2jie	A	2jie_A	220	2jie.pdb
N	223	R	3.976	2jie	A	2jie_A	220	2jie.pdb
N	223	Y	5.73	2jie	A	2jie_A	220	2jie.pdb
N	296	A	-2.25	2jie	A	2jie_A	293	2jie.pdb
N	296	C	-0.017	2jie	A	2jie_A	293	2jie.pdb
N	407	A	0.464	2jie	A	2jie_A	404	2jie.pdb
N	407	C	0.143	2jie	A	2jie_A	404	2jie.pdb
Q	22	S	-0.209	2jie	A	2jie_A	19	2jie.pdb
R	243	A	-0.166	2jie	A	2jie_A	240	2jie.pdb
R	243	D	0.213	2jie	A	2jie_A	240	2jie.pdb
R	243	K	-1.463	2jie	A	2jie_A	240	2jie.pdb
S	17	A	-1.246	2jie	A	2jie_A	14	2jie.pdb
S	19	A	0.951	2jie	A	2jie_A	16	2jie.pdb
S	334	A	-1.454	2jie	A	2jie_A	331	2jie.pdb
S	403	A	0.92	2jie	A	2jie_A	400	2jie.pdb
T	18	A	-0.994	2jie	A	2jie_A	15	2jie.pdb
T	221	A	3.189	2jie	A	2jie_A	218	2jie.pdb
T	355	A	-2.961	2jie	A	2jie_A	352	2jie.pdb
W	123	F	2.19	2jie	A	2jie_A	120	2jie.pdb
W	123	H	1.06	2jie	A	2jie_A	120	2jie.pdb
W	328	A	-1.159	2jie	A	2jie_A	325	2jie.pdb
W	328	C	-2.664	2jie	A	2jie_A	325	2jie.pdb
W	328	H	-2.573	2jie	A	2jie_A	325	2jie.pdb
W	328	R	-0.95	2jie	A	2jie_A	325	2jie.pdb
W	402	C	-0.36	2jie	A	2jie_A	399	2jie.pdb
W	402	R	2.615	2jie	A	2jie_A	399	2jie.pdb
W	412	Y	0.599	2jie	A	2jie_A	409	2jie.pdb
Y	21	A	-3.443	2jie	A	2jie_A	18	2jie.pdb
Y	297	A	1.072	2jie	A	2jie_A	294	2jie.pdb
Y	297	F	-1.853	2jie	A	2jie_A	294	2jie.pdb
C	57	D	-2.54	2juc	A	2juc_A	53	2juc.pdb
C	57	S	-0.71	2juc	A	2juc_A	53	2juc.pdb
R	18	A	-1.75	2juc	A	2juc_A	14	2juc.pdb
D	288	A	1.2	2kj3	A	2kj3_A	72	2kj3.pdb
E	272	A	1.9	2kj3	A	2kj3_A	56	2kj3.pdb
G	278	A	-0.8	2kj3	A	2kj3_A	62	2kj3.pdb
K	229	A	1.5	2kj3	A	2kj3_A	13	2kj3.pdb
L	241	A	1.0	2kj3	A	2kj3_A	25	2kj3.pdb
S	273	A	1.4	2kj3	A	2kj3_A	57	2kj3.pdb
V	239	A	1.0	2kj3	A	2kj3_A	23	2kj3.pdb
V	264	A	1.0	2kj3	A	2kj3_A	48	2kj3.pdb
V	267	A	0.2	2kj3	A	2kj3_A	51	2kj3.pdb
D	9	A	1.26	2ks4	A	2ks4_A	9	2ks4.pdb
E	2	A	-0.23	2ks4	A	2ks4_A	2	2ks4.pdb
L	558	P	-1.57	2ltb	A	2ltb_A	59	2ltb.pdb
L	569	R	-3.11	2ltb	A	2ltb_A	70	2ltb.pdb
M	619	K	-3.34	2ltb	A	2ltb_A	120	2ltb.pdb
R	533	Q	-1.1	2ltb	A	2ltb_A	34	2ltb.pdb
R	555	Q	-0.36	2ltb	A	2ltb_A	56	2ltb.pdb
R	555	W	1.79	2ltb	A	2ltb_A	56	2ltb.pdb
D	302	A	-4.0	2m5s	A	2m5s_A	81	2m5s.pdb
H	305	A	-2.0	2m5s	A	2m5s_A	84	2m5s.pdb
A	89	T	-0.24	2mpc	A	2mpc_A	86	2mpc.pdb
R	42	A	0.62	2mpc	A	2mpc_A	39	2mpc.pdb
R	42	W	2.08	2mpc	A	2mpc_A	39	2mpc.pdb
P	88	A	-0.6	2n7z	A	2n7z_A	88	2n7z.pdb
I	738	V	-2.0	2nte	A	2nte_A	171	2nte.pdb
R	658	C	-2.3	2nte	A	2nte_A	91	2nte.pdb
A	420	D	0.44	2ouo	A	2ouo_A	72	2ouo.pdb
A	33	Y	0.5	2pr5	A	2pr5_A	13	2pr5.pdb
A	81	M	-0.4	2pr5	A	2pr5_A	61	2pr5.pdb
D	109	E	0.3	2pr5	A	2pr5_A	89	2pr5.pdb
H	22	K	0.3	2pr5	A	2pr5_A	2	2pr5.pdb
H	22	W	1.2	2pr5	A	2pr5_A	2	2pr5.pdb
M	111	F	2.9	2pr5	A	2pr5_A	91	2pr5.pdb
N	107	F	0.9	2pr5	A	2pr5_A	87	2pr5.pdb
N	107	Y	0.8	2pr5	A	2pr5_A	87	2pr5.pdb
N	124	F	1.1	2pr5	A	2pr5_A	104	2pr5.pdb
N	124	Y	2.6	2pr5	A	2pr5_A	104	2pr5.pdb
T	30	M	0.5	2pr5	A	2pr5_A	10	2pr5.pdb
T	50	M	-0.5	2pr5	A	2pr5_A	30	2pr5.pdb
T	54	Y	0.2	2pr5	A	2pr5_A	34	2pr5.pdb
V	120	I	1.4	2pr5	A	2pr5_A	100	2pr5.pdb
V	25	I	0.4	2pr5	A	2pr5_A	5	2pr5.pdb
V	88	L	-0.2	2pr5	A	2pr5_A	68	2pr5.pdb
V	90	I	-0.7	2pr5	A	2pr5_A	70	2pr5.pdb
A	22	G	-2.43	2ptl	A	2ptl_A	22	2ptl.pdb
A	27	P	0.1	2ptl	A	2ptl_A	27	2ptl.pdb
A	27	V	-0.83	2ptl	A	2ptl_A	27	2ptl.pdb
A	34	G	-2.17	2ptl	A	2ptl_A	34	2ptl.pdb
A	34	V	1.47	2ptl	A	2ptl_A	34	2ptl.pdb
A	43	G	-2.54	2ptl	A	2ptl_A	43	2ptl.pdb
A	47	G	-3.1	2ptl	A	2ptl_A	47	2ptl.pdb
A	49	G	-1.32	2ptl	A	2ptl_A	49	2ptl.pdb
A	51	G	-3.12	2ptl	A	2ptl_A	51	2ptl.pdb
A	66	G	-0.49	2ptl	A	2ptl_A	66	2ptl.pdb
D	52	A	-1.21	2ptl	A	2ptl_A	52	2ptl.pdb
D	52	G	-2.14	2ptl	A	2ptl_A	52	2ptl.pdb
D	64	A	-0.2	2ptl	A	2ptl_A	64	2ptl.pdb
E	35	A	-0.59	2ptl	A	2ptl_A	35	2ptl.pdb
E	46	G	-1.19	2ptl	A	2ptl_A	46	2ptl.pdb
E	46	I	-1.08	2ptl	A	2ptl_A	46	2ptl.pdb
E	60	A	-0.23	2ptl	A	2ptl_A	60	2ptl.pdb
F	26	A	-3.12	2ptl	A	2ptl_A	26	2ptl.pdb
F	26	L	-0.68	2ptl	A	2ptl_A	26	2ptl.pdb
F	36	A	-4.15	2ptl	A	2ptl_A	36	2ptl.pdb
F	36	L	-3.12	2ptl	A	2ptl_A	36	2ptl.pdb
F	40	G	-3.08	2ptl	A	2ptl_A	40	2ptl.pdb
F	40	L	-0.38	2ptl	A	2ptl_A	40	2ptl.pdb
F	76	L	-3.34	2ptl	A	2ptl_A	76	2ptl.pdb
F	76	V	-3.73	2ptl	A	2ptl_A	76	2ptl.pdb
G	29	A	-1.52	2ptl	A	2ptl_A	29	2ptl.pdb
G	29	V	-2.53	2ptl	A	2ptl_A	29	2ptl.pdb
G	38	A	-2.08	2ptl	A	2ptl_A	38	2ptl.pdb
G	59	A	-2.23	2ptl	A	2ptl_A	59	2ptl.pdb
G	69	A	-2.04	2ptl	A	2ptl_A	69	2ptl.pdb
I	20	A	-4.9	2ptl	A	2ptl_A	20	2ptl.pdb
I	20	V	-0.56	2ptl	A	2ptl_A	20	2ptl.pdb
I	25	A	-1.37	2ptl	A	2ptl_A	25	2ptl.pdb
I	25	V	-0.47	2ptl	A	2ptl_A	25	2ptl.pdb
I	74	A	-4.72	2ptl	A	2ptl_A	74	2ptl.pdb
I	74	V	-1.69	2ptl	A	2ptl_A	74	2ptl.pdb
K	21	A	-0.92	2ptl	A	2ptl_A	21	2ptl.pdb
K	37	A	-0.88	2ptl	A	2ptl_A	37	2ptl.pdb
K	42	G	0.16	2ptl	A	2ptl_A	42	2ptl.pdb
K	55	A	0.58	2ptl	A	2ptl_A	55	2ptl.pdb
K	56	A	0.35	2ptl	A	2ptl_A	56	2ptl.pdb
K	68	A	-0.09	2ptl	A	2ptl_A	68	2ptl.pdb
K	75	A	-0.45	2ptl	A	2ptl_A	75	2ptl.pdb
L	24	A	-3.12	2ptl	A	2ptl_A	24	2ptl.pdb
L	54	A	-2.44	2ptl	A	2ptl_A	54	2ptl.pdb
L	72	A	-3.77	2ptl	A	2ptl_A	72	2ptl.pdb
N	23	A	-1.87	2ptl	A	2ptl_A	23	2ptl.pdb
N	28	A	-1.78	2ptl	A	2ptl_A	28	2ptl.pdb
N	58	A	-0.34	2ptl	A	2ptl_A	58	2ptl.pdb
N	73	A	-1.73	2ptl	A	2ptl_A	73	2ptl.pdb
S	30	A	-0.3	2ptl	A	2ptl_A	30	2ptl.pdb
S	45	A	0.41	2ptl	A	2ptl_A	45	2ptl.pdb
S	45	G	-0.82	2ptl	A	2ptl_A	45	2ptl.pdb
T	19	A	-1.63	2ptl	A	2ptl_A	19	2ptl.pdb
T	31	A	-1.17	2ptl	A	2ptl_A	31	2ptl.pdb
T	33	A	-1.11	2ptl	A	2ptl_A	33	2ptl.pdb
T	39	A	-1.25	2ptl	A	2ptl_A	39	2ptl.pdb
T	44	A	-1.09	2ptl	A	2ptl_A	44	2ptl.pdb
T	53	G	-0.17	2ptl	A	2ptl_A	53	2ptl.pdb
T	62	A	-0.97	2ptl	A	2ptl_A	62	2ptl.pdb
T	71	A	-1.83	2ptl	A	2ptl_A	71	2ptl.pdb
V	18	A	-1.22	2ptl	A	2ptl_A	18	2ptl.pdb
V	63	A	-0.92	2ptl	A	2ptl_A	63	2ptl.pdb
V	65	A	-1.14	2ptl	A	2ptl_A	65	2ptl.pdb
Y	48	A	-2.82	2ptl	A	2ptl_A	48	2ptl.pdb
Y	50	A	-2.46	2ptl	A	2ptl_A	50	2ptl.pdb
Y	70	A	-1.66	2ptl	A	2ptl_A	70	2ptl.pdb
Y	70	L	0.43	2ptl	A	2ptl_A	70	2ptl.pdb
E	7	L	1.05	2rpn	A	2rpn_A	7	2rpn.pdb
V	21	K	0.39	2rpn	A	2rpn_A	21	2rpn.pdb
D	287	A	-5.975	2vy0	A	2vy0_A	254	2vy0.pdb
E	53	A	-6.597	2vy0	A	2vy0_A	20	2vy0.pdb
D	15	A	0.3	2wqg	A	2wqg_A	15	2wqg.pdb
D	38	A	0.1	2wqg	A	2wqg_A	38	2wqg.pdb
D	39	A	-2.2	2wqg	A	2wqg_A	39	2wqg.pdb
D	39	N	-2.6	2wqg	A	2wqg_A	39	2wqg.pdb
E	40	Q	-0.1	2wqg	A	2wqg_A	40	2wqg.pdb
E	41	G	-0.4	2wqg	A	2wqg_A	41	2wqg.pdb
I	36	A	-0.9	2wqg	A	2wqg_A	36	2wqg.pdb
I	36	V	-0.3	2wqg	A	2wqg_A	36	2wqg.pdb
K	14	A	-0.4	2wqg	A	2wqg_A	14	2wqg.pdb
K	14	G	-1.9	2wqg	A	2wqg_A	14	2wqg.pdb
K	19	A	-0.3	2wqg	A	2wqg_A	19	2wqg.pdb
K	28	A	-0.6	2wqg	A	2wqg_A	28	2wqg.pdb
L	13	A	-0.5	2wqg	A	2wqg_A	13	2wqg.pdb
L	16	A	-1.3	2wqg	A	2wqg_A	16	2wqg.pdb
L	8	A	-2.0	2wqg	A	2wqg_A	8	2wqg.pdb
Q	12	A	-0.6	2wqg	A	2wqg_A	12	2wqg.pdb
Q	12	G	-2.0	2wqg	A	2wqg_A	12	2wqg.pdb
Q	33	A	0.1	2wqg	A	2wqg_A	33	2wqg.pdb
R	34	A	-0.8	2wqg	A	2wqg_A	34	2wqg.pdb
S	23	A	-0.6	2wqg	A	2wqg_A	23	2wqg.pdb
S	6	A	0.1	2wqg	A	2wqg_A	6	2wqg.pdb
S	6	G	-0.2	2wqg	A	2wqg_A	6	2wqg.pdb
T	9	S	0.1	2wqg	A	2wqg_A	9	2wqg.pdb
V	10	A	-0.1	2wqg	A	2wqg_A	10	2wqg.pdb
V	10	G	-0.7	2wqg	A	2wqg_A	10	2wqg.pdb
V	11	A	0.4	2wqg	A	2wqg_A	11	2wqg.pdb
V	11	G	0.1	2wqg	A	2wqg_A	11	2wqg.pdb
V	24	A	-0.5	2wqg	A	2wqg_A	24	2wqg.pdb
Y	5	F	-2.4	2wqg	A	2wqg_A	5	2wqg.pdb
E	11	Q	-0.74	2zta	A	2zta_A	11	2zta.pdb
E	20	Q	0.2	2zta	A	2zta_A	20	2zta.pdb
E	22	Q	-1.83	2zta	A	2zta_A	22	2zta.pdb
K	15	A	-0.41	2zta	A	2zta_A	15	2zta.pdb
K	27	A	-0.91	2zta	A	2zta_A	27	2zta.pdb
K	28	A	-0.06	2zta	A	2zta_A	28	2zta.pdb
K	8	A	-0.39	2zta	A	2zta_A	8	2zta.pdb
R	25	A	-1.66	2zta	A	2zta_A	25	2zta.pdb
E	96	Q	1.369	3bci	A	3bci_A	83	3bci.pdb
T	153	V	-1.137	3bci	A	3bci_A	140	3bci.pdb
I	20	V	-1.506	3bn0	A	3bn0_A	19	3bn0.pdb
D	156	E	0.88	3c2i	A	3c2i_A	64	3c2i.pdb
F	155	S	0.43	3c2i	A	3c2i_A	63	3c2i.pdb
L	100	V	1.11	3c2i	A	3c2i_A	9	3c2i.pdb
P	152	R	1.46	3c2i	A	3c2i_A	60	3c2i.pdb
R	106	Q	0.12	3c2i	A	3c2i_A	15	3c2i.pdb
R	106	W	0.04	3c2i	A	3c2i_A	15	3c2i.pdb
R	111	G	-0.43	3c2i	A	3c2i_A	20	3c2i.pdb
R	133	C	0.37	3c2i	A	3c2i_A	42	3c2i.pdb
R	133	H	0.24	3c2i	A	3c2i_A	42	3c2i.pdb
S	134	C	1.05	3c2i	A	3c2i_A	43	3c2i.pdb
T	158	A	0.47	3c2i	A	3c2i_A	66	3c2i.pdb
T	158	M	0.25	3c2i	A	3c2i_A	66	3c2i.pdb
M	134	E	3.02	3d2a	A	3d2a_A	132	3d2a.pdb
M	137	P	3.34	3d2a	A	3d2a_A	135	3d2a.pdb
S	163	P	2.11	3d2a	A	3d2a_A	161	3d2a.pdb
D	118	A	-0.65	3d3b	A	3d3b_A	118	3d3b.pdb
D	118	E	-0.6	3d3b	A	3d3b_A	118	3d3b.pdb
D	118	K	-1.6	3d3b	A	3d3b_A	118	3d3b.pdb
D	118	N	-1.34	3d3b	A	3d3b_A	118	3d3b.pdb
D	118	R	-1.41	3d3b	A	3d3b_A	118	3d3b.pdb
A	131	G	-1.7	3dv0	I	3dv0_I	5	3dv0.pdb
A	139	G	-2.3	3dv0	I	3dv0_I	13	3dv0.pdb
A	165	G	-0.9	3dv0	I	3dv0_I	39	3dv0.pdb
A	168	G	-0.3	3dv0	I	3dv0_I	42	3dv0.pdb
D	145	A	-2.1	3dv0	I	3dv0_I	19	3dv0.pdb
D	145	N	-0.9	3dv0	I	3dv0_I	19	3dv0.pdb
D	162	N	-2.0	3dv0	I	3dv0_I	36	3dv0.pdb
D	164	A	-2.3	3dv0	I	3dv0_I	38	3dv0.pdb
D	164	G	-3.7	3dv0	I	3dv0_I	38	3dv0.pdb
D	164	N	-1.9	3dv0	I	3dv0_I	38	3dv0.pdb
E	141	A	-0.7	3dv0	I	3dv0_I	15	3dv0.pdb
E	141	Q	-0.4	3dv0	I	3dv0_I	15	3dv0.pdb
I	130	A	-0.7	3dv0	I	3dv0_I	4	3dv0.pdb
I	130	G	-1.4	3dv0	I	3dv0_I	4	3dv0.pdb
I	130	V	-0.2	3dv0	I	3dv0_I	4	3dv0.pdb
I	146	A	-2.7	3dv0	I	3dv0_I	20	3dv0.pdb
I	146	V	-1.2	3dv0	I	3dv0_I	20	3dv0.pdb
I	163	V	-0.5	3dv0	I	3dv0_I	37	3dv0.pdb
L	159	A	-2.0	3dv0	I	3dv0_I	33	3dv0.pdb
L	159	G	-1.9	3dv0	I	3dv0_I	33	3dv0.pdb
L	159	V	-0.6	3dv0	I	3dv0_I	33	3dv0.pdb
L	167	A	-1.2	3dv0	I	3dv0_I	41	3dv0.pdb
L	167	V	-0.2	3dv0	I	3dv0_I	41	3dv0.pdb
V	129	A	-0.7	3dv0	I	3dv0_I	3	3dv0.pdb
V	129	G	-1.0	3dv0	I	3dv0_I	3	3dv0.pdb
V	135	A	-1.5	3dv0	I	3dv0_I	9	3dv0.pdb
V	144	A	-2.0	3dv0	I	3dv0_I	18	3dv0.pdb
V	149	A	-2.8	3dv0	I	3dv0_I	23	3dv0.pdb
V	149	G	-4.1	3dv0	I	3dv0_I	23	3dv0.pdb
V	158	A	-3.2	3dv0	I	3dv0_I	32	3dv0.pdb
Y	138	F	-2.0	3dv0	I	3dv0_I	12	3dv0.pdb
H	46	R	0.8	3ecu	A	3ecu_A	46	3ecu.pdb
P	61	A	-0.5	3fis	A	3fis_A	36	3fis.pdb
D	155	Y	0.34	3g1g	A	3g1g_A	5	3g1g.pdb
F	167	Y	-0.74	3g1g	A	3g1g_A	17	3g1g.pdb
I	190	V	-0.17	3g1g	A	3g1g_A	40	3g1g.pdb
R	185	W	1.32	3g1g	A	3g1g_A	35	3g1g.pdb
E	334	L	-3.35	3k82	A	3k82_A	29	3k82.pdb
E	334	Q	-1.68	3k82	A	3k82_A	29	3k82.pdb
E	401	R	5.49	3k82	A	3k82_A	96	3k82.pdb
Y	442	H	-3.23	3l15	B	3l15_B	196	3l15.pdb
R	39	G	1.194	3mon	B	3mon_B	39	3mon.pdb
W	3	C	-2.866	3mon	B	3mon_B	3	3mon.pdb
F	115	I	-1.81	3o39	A	3o39_A	81	3o39.pdb
F	115	L	-1.64	3o39	A	3o39_A	81	3o39.pdb
H	96	L	-0.58	3o39	A	3o39_A	63	3o39.pdb
L	32	P	-3.25	3o39	A	3o39_A	4	3o39.pdb
Q	100	L	-2.0	3o39	A	3o39_A	66	3o39.pdb
Q	49	L	-0.05	3o39	A	3o39_A	20	3o39.pdb
D	122	Y	-1.3	3s4m	A	3s4m_A	34	3s4m.pdb
G	130	V	-2.5	3s4m	A	3s4m_A	42	3s4m.pdb
I	154	F	0.096	3s4m	A	3s4m_A	66	3s4m.pdb
W	155	R	-0.693	3s4m	A	3s4m_A	67	3s4m.pdb
H	395	R	2.03	3s92	A	3s92_A	89	3s92.pdb
A	89	V	0.99	4bjx	A	4bjx_A	48	4bjx.pdb
Y	137	A	0.89	4buq	A	4buq_A	137	4buq.pdb
Y	48	A	-1.435	4buq	A	4buq_A	48	4buq.pdb
A	19	D	-0.24	4he7	A	4he7_A	18	4he7.pdb
A	19	G	0.06	4he7	A	4he7_A	18	4he7.pdb
A	19	K	-0.46	4he7	A	4he7_A	18	4he7.pdb
H	75	W	0.574	4n6v	0	4n6v_0	68	4n6v.pdb
P	36	G	-1.362	4n6v	0	4n6v_0	29	4n6v.pdb
P	79	S	1.745	4n6v	0	4n6v_0	72	4n6v.pdb
K	65	A	0.1	4waa	A	4waa_A	57	4waa.pdb
K	67	A	-2.07	4waa	A	4waa_A	59	4waa.pdb
R	27	A	-0.44	4waa	A	4waa_A	19	4waa.pdb
V	134	T	-0.71	4yee	A	4yee_A	60	4yee.pdb
T	134	V	-0.93	4yef	A	4yef_A	58	4yef.pdb
D	329	G	-1.44	5jxb	A	5jxb_A	25	5jxb.pdb
D	329	P	-1.44	5jxb	A	5jxb_A	25	5jxb.pdb
Y	429	H	-2.99	5oaq	A	5oaq_A	199	5oaq.pdb
R	39	K	0.413	5vp3	A	5vp3_A	39	5vp3.pdb
S	128	G	-0.378	5vp3	A	5vp3_A	128	5vp3.pdb
V	183	T	0.354	5vp3	A	5vp3_A	183	5vp3.pdb
