PDB_ID	Chain	DDG	DIR/INV	FILE_PATH	WT	Mut	MutPos	SeqPos	Key
1AMQ	A	-2.3	DIR	1AMQ.pdb	C	Y	191	180	1AMQ
1QIR	A	2.3	INV	1QIR.pdb	Y	C	191	180	1QIR
1AMQ	A	-1.6	DIR	1AMQ.pdb	C	F	191	180	1AMQ
1QIS	A	1.6	INV	1QIS.pdb	F	C	191	180	1QIS
1AMQ	A	-3.9	DIR	1AMQ.pdb	C	W	191	180	1AMQ
1QIT	A	3.9	INV	1QIT.pdb	W	C	191	180	1QIT
1AMQ	A	-1.9	DIR	1AMQ.pdb	C	S	191	180	1AMQ
5EAA	A	1.9	INV	5EAA.pdb	S	C	191	180	5EAA
1BNI	A	-4.1	DIR	1BNI.pdb	F	L	7	5	1BNI
1BRG	A	4.1	INV	1BRG.pdb	L	F	7	5	1BRG
1BNI	A	-4.5	DIR	1BNI.pdb	L	A	14	12	1BNI
1BRH	A	4.5	INV	1BRH.pdb	A	L	14	12	1BRH
1BNI	A	-1.7	DIR	1BNI.pdb	T	A	26	24	1BNI
1BNS	A	1.7	INV	1BNS.pdb	A	T	26	24	1BNS
1BNI	A	-1.1	DIR	1BNI.pdb	I	V	51	49	1BNI
1BSA	A	1.1	INV	1BSA.pdb	V	I	51	48	1BSA
1BNI	A	-1.7	DIR	1BNI.pdb	I	A	76	74	1BNI
1BRI	A	1.7	INV	1BRI.pdb	A	I	76	74	1BRI
1BNI	A	-1.0	DIR	1BNI.pdb	I	V	76	74	1BNI
1BSB	A	1.0	INV	1BSB.pdb	V	I	76	74	1BSB
1BNI	A	-1.1	DIR	1BNI.pdb	Y	F	78	76	1BNI
1BAO	A	1.1	INV	1BAO.pdb	F	Y	78	76	1BAO
1BNI	A	-4.0	DIR	1BNI.pdb	I	A	88	86	1BNI
1BRJ	A	4.0	INV	1BRJ.pdb	A	I	88	86	1BRJ
1BNI	A	-1.6	DIR	1BNI.pdb	I	V	88	86	1BNI
1BSC	A	1.6	INV	1BSC.pdb	V	I	88	86	1BSC
1BNI	A	-0.5	DIR	1BNI.pdb	L	V	89	87	1BNI
1BSE	A	0.5	INV	1BSE.pdb	V	L	89	87	1BSE
1BNI	A	-1.8	DIR	1BNI.pdb	S	A	91	89	1BNI
1BAN	A	1.8	INV	1BAN.pdb	A	S	91	89	1BAN
1BNI	A	-3.2	DIR	1BNI.pdb	I	A	96	94	1BNI
1BRK	A	3.2	INV	1BRK.pdb	A	I	96	94	1BRK
1BNI	A	-0.9	DIR	1BNI.pdb	I	V	96	94	1BNI
1BSD	A	0.9	INV	1BSD.pdb	V	I	96	93	1BSD
1CEY	A	2.5	DIR	1CEY.pdb	D	A	12	11	1CEY
1E6K	A	-2.5	INV	1E6K.pdb	A	D	12	13	1E6K
1CEY	A	2.7	DIR	1CEY.pdb	D	A	13	12	1CEY
1E6L	A	-2.7	INV	1E6L.pdb	A	D	13	11	1E6L
1CEY	A	3.3	DIR	1CEY.pdb	D	A	57	56	1CEY
1E6M	A	-3.3	INV	1E6M.pdb	A	D	57	56	1E6M
1EY0	A	-0.9	DIR	1EY0.pdb	T	C	22	17	1EY0
2EXZ	A	0.9	INV	2EXZ.pdb	C	T	22	16	2EXZ
1EY0	A	-0.9	DIR	1EY0.pdb	T	V	22	17	1EY0
2EY1	A	0.9	INV	2EY1.pdb	V	T	22	17	2EY1
1EY0	A	-0.1	DIR	1EY0.pdb	V	L	23	18	1EY0
2F0E	A	0.1	INV	2F0E.pdb	L	V	23	17	2F0E
1EY0	A	-1.7	DIR	1EY0.pdb	L	I	25	20	1EY0
2F0F	A	1.7	INV	2F0F.pdb	I	L	25	20	2F0F
1EY0	A	0.4	DIR	1EY0.pdb	T	V	33	28	1EY0
1EY5	A	-0.4	INV	1EY5.pdb	V	T	33	27	1EY5
1EY0	A	0.6	DIR	1EY0.pdb	T	C	41	36	1EY0
2EY2	A	-0.6	INV	2EY2.pdb	C	T	41	36	2EY2
1EY0	A	0.7	DIR	1EY0.pdb	T	I	41	36	1EY0
1EY6	A	-0.7	INV	1EY6.pdb	I	T	41	35	1EY6
1EY0	A	-1.1	DIR	1EY0.pdb	T	S	41	36	1EY0
2EY5	A	1.1	INV	2EY5.pdb	S	T	41	35	2EY5
1EY0	A	0.8	DIR	1EY0.pdb	T	V	41	36	1EY0
2EY6	A	-0.8	INV	2EY6.pdb	V	T	41	35	2EY6
1EY0	A	0.1	DIR	1EY0.pdb	T	V	44	39	1EY0
2EYF	A	-0.1	INV	2EYF.pdb	V	T	44	38	2EYF
1EY0	A	0.5	DIR	1EY0.pdb	S	A	59	54	1EY0
1EY4	A	-0.5	INV	1EY4.pdb	A	S	59	54	1EY4
1EY0	A	-2.1	DIR	1EY0.pdb	T	S	62	57	1EY0
2EYH	A	2.1	INV	2EYH.pdb	S	T	62	56	2EYH
1EY0	A	-0.2	DIR	1EY0.pdb	T	V	62	57	1EY0
2EYJ	A	0.2	INV	2EYJ.pdb	V	T	62	57	2EYJ
1EY0	A	-1.0	DIR	1EY0.pdb	V	I	66	61	1EY0
2F0G	A	1.0	INV	2F0G.pdb	I	V	66	60	2F0G
1EY0	A	-0.3	DIR	1EY0.pdb	V	L	66	61	1EY0
2F0H	A	0.3	INV	2F0H.pdb	L	V	66	60	2F0H
1EY0	A	-7.5	DIR	1EY0.pdb	V	K	66	61	1EY0
2SNM	A	7.5	INV	2SNM.pdb	K	V	66	60	2SNM
1EY0	A	-0.2	DIR	1EY0.pdb	I	L	72	67	1EY0
2F0I	A	0.2	INV	2F0I.pdb	L	I	72	67	2F0I
1EY0	A	-1.2	DIR	1EY0.pdb	I	V	72	67	1EY0
2F0J	A	1.2	INV	2F0J.pdb	V	I	72	66	2F0J
1EY0	A	-0.7	DIR	1EY0.pdb	T	S	82	77	1EY0
2EYL	A	0.7	INV	2EYL.pdb	S	T	82	77	2EYL
1EY0	A	-0.4	DIR	1EY0.pdb	I	V	92	87	1EY0
2F0D	A	0.4	INV	2F0D.pdb	V	I	92	87	2F0D
1EY0	A	1.0	DIR	1EY0.pdb	K	G	116	111	1EY0
1KAB	A	-1.0	INV	1KAB.pdb	G	K	116	111	1KAB
1EY0	A	0.8	DIR	1EY0.pdb	P	A	117	112	1EY0
1SYG	A	-0.8	INV	1SYG.pdb	A	P	117	112	1SYG
1EY0	A	0.9	DIR	1EY0.pdb	P	G	117	112	1EY0
1SYC	A	-0.9	INV	1SYC.pdb	G	P	117	112	1SYC
1EY0	A	1.1	DIR	1EY0.pdb	P	T	117	112	1EY0
1SYE	A	-1.1	INV	1SYE.pdb	T	P	117	112	1SYE
1EY0	A	-1.7	DIR	1EY0.pdb	T	C	120	115	1EY0
2EYM	A	1.7	INV	2EYM.pdb	C	T	120	114	2EYM
1EY0	A	-0.6	DIR	1EY0.pdb	T	S	120	115	1EY0
2EYO	A	0.6	INV	2EYO.pdb	S	T	120	114	2EYO
1EY0	A	-1.8	DIR	1EY0.pdb	T	V	120	115	1EY0
2EYP	A	1.8	INV	2EYP.pdb	V	T	120	115	2EYP
1EY0	A	0.7	DIR	1EY0.pdb	S	A	128	123	1EY0
1EY7	A	-0.7	INV	1EY7.pdb	A	S	128	122	1EY7
1IHB	A	0.7	DIR	1IHB.pdb	F	N	71	67	1IHB
1MX2	A	-0.7	INV	1MX2.pdb	N	F	71	67	1MX2
1IHB	A	-0.4	DIR	1IHB.pdb	F	Q	82	78	1IHB
1MX4	A	0.4	INV	1MX4.pdb	Q	F	82	78	1MX4
1IHB	A	-1.1	DIR	1IHB.pdb	F	N	92	88	1IHB
1MX6	A	1.1	INV	1MX6.pdb	N	F	92	88	1MX6
1IOB	A	-2.6	DIR	1IOB.pdb	T	G	9	9	1IOB
1HIB	A	2.6	INV	1HIB.pdb	G	T	9	7	1HIB
1L63	A	-1.9	DIR	1L63.pdb	M	A	6	6	1L63
245L	A	1.9	INV	245L.pdb	A	M	6	6	245L
1L63	A	-2.8	DIR	1L63.pdb	M	L	6	6	1L63
230L	A	2.8	INV	230L.pdb	L	M	6	6	230L
1L63	A	0.1	DIR	1L63.pdb	E	H	11	11	1L63
1QT6	A	-0.1	INV	1QT6.pdb	H	E	11	11	1QT6
1L63	A	-0.1	DIR	1L63.pdb	E	N	11	11	1L63
1QT7	A	0.1	INV	1QT7.pdb	N	E	11	11	1QT7
1L63	A	-2.7	DIR	1L63.pdb	I	A	17	17	1L63
239L	A	2.7	INV	239L.pdb	A	I	17	17	239L
1L63	A	-0.3	DIR	1L63.pdb	D	A	20	20	1L63
253L	A	0.3	INV	253L.pdb	A	D	20	20	253L
1L63	A	1.3	DIR	1L63.pdb	D	N	20	20	1L63
255L	A	-1.3	INV	255L.pdb	N	D	20	20	255L
1L63	A	0.7	DIR	1L63.pdb	D	S	20	20	1L63
254L	A	-0.7	INV	254L.pdb	S	D	20	20	254L
1L63	A	-3.1	DIR	1L63.pdb	I	A	27	27	1L63
240L	A	3.1	INV	240L.pdb	A	I	27	27	240L
1L63	A	-3.1	DIR	1L63.pdb	I	M	27	27	1L63
1D2W	A	3.1	INV	1D2W.pdb	M	I	27	27	1D2W
1L63	A	-2.6	DIR	1L63.pdb	I	A	29	29	1L63
241L	A	2.6	INV	241L.pdb	A	I	29	29	241L
1L63	A	-0.01	DIR	1L63.pdb	S	N	38	38	1L63
1L61	A	0.01	INV	1L61.pdb	N	S	38	38	1L61
1L63	A	-0.6	DIR	1L63.pdb	A	S	41	41	1L63
120L	A	0.6	INV	120L.pdb	S	A	41	41	120L
1L63	A	-2.7	DIR	1L63.pdb	A	V	42	42	1L63
1QTB	A	2.7	INV	1QTB.pdb	V	A	42	42	1QTB
1L63	A	-2.3	DIR	1L63.pdb	A	S	42	42	1L63
206L	A	2.3	INV	206L.pdb	S	A	42	42	206L
1L63	A	-1.0	DIR	1L63.pdb	K	A	43	43	1L63
1L66	A	1.0	INV	1L66.pdb	A	K	43	43	1L66
1L63	A	0.3	DIR	1L63.pdb	S	A	44	44	1L63
1L68	A	-0.3	INV	1L68.pdb	A	S	44	44	1L68
1L63	A	0.3	DIR	1L63.pdb	S	I	44	44	1L63
108L	A	-0.3	INV	108L.pdb	I	S	44	44	108L
1L63	A	0.4	DIR	1L63.pdb	S	L	44	44	1L63
110L	A	-0.4	INV	110L.pdb	L	S	44	44	110L
1L63	A	0.2	DIR	1L63.pdb	S	K	44	44	1L63
109L	A	-0.2	INV	109L.pdb	K	S	44	44	109L
1L63	A	0.0	DIR	1L63.pdb	S	E	44	44	1L63
217L	A	0.0	INV	217L.pdb	E	S	44	44	217L
1L63	A	-0.5	DIR	1L63.pdb	S	G	44	44	1L63
107L	A	0.5	INV	107L.pdb	G	S	44	44	107L
1L63	A	0.2	DIR	1L63.pdb	S	R	44	44	1L63
113L	A	-0.2	INV	113L.pdb	R	S	44	44	113L
1L63	A	-0.1	DIR	1L63.pdb	S	N	44	44	1L63
111L	A	0.1	INV	111L.pdb	N	S	44	44	111L
1L63	A	0.1	DIR	1L63.pdb	S	F	44	44	1L63
137L	A	-0.1	INV	137L.pdb	F	S	44	44	137L
1L63	A	-3.0	DIR	1L63.pdb	S	P	44	44	1L63
112L	A	3.0	INV	112L.pdb	P	S	44	44	112L
1L63	A	0.01	DIR	1L63.pdb	S	T	44	44	1L63
114L	A	-0.01	INV	114L.pdb	T	S	44	44	114L
1L63	A	0.1	DIR	1L63.pdb	S	V	44	44	1L63
115L	A	-0.1	INV	115L.pdb	V	S	44	44	115L
1L63	A	-1.9	DIR	1L63.pdb	L	A	46	46	1L63
1L67	A	1.9	INV	1L67.pdb	A	L	46	46	1L67
1L63	A	-1.0	DIR	1L63.pdb	D	A	47	47	1L63
1L65	A	1.0	INV	1L65.pdb	A	D	47	47	1L65
1L63	A	-0.5	DIR	1L63.pdb	A	S	49	49	1L63
221L	A	0.5	INV	221L.pdb	S	A	49	49	221L
1L63	A	-2.0	DIR	1L63.pdb	I	A	50	50	1L63
242L	A	2.0	INV	242L.pdb	A	I	50	50	242L
1L63	A	-0.4	DIR	1L63.pdb	I	M	50	50	1L63
1D2Y	A	0.4	INV	1D2Y.pdb	M	I	50	50	1D2Y
1L63	A	-3.2	DIR	1L63.pdb	I	A	58	58	1L63
243L	A	3.2	INV	243L.pdb	A	I	58	58	243L
1L63	A	-3.4	DIR	1L63.pdb	I	T	58	58	1L63
1G1V	A	3.4	INV	1G1V.pdb	T	I	58	58	1G1V
1L63	A	-1.5	DIR	1L63.pdb	T	A	59	59	1L63
1LYJ	A	1.5	INV	1LYJ.pdb	A	T	59	59	1LYJ
1L63	A	-1.2	DIR	1L63.pdb	T	D	59	59	1L63
1LYI	A	1.2	INV	1LYI.pdb	D	T	59	59	1LYI
1L63	A	-1.6	DIR	1L63.pdb	T	G	59	59	1L63
1LYH	A	1.6	INV	1LYH.pdb	G	T	59	59	1LYH
1L63	A	-1.1	DIR	1L63.pdb	T	N	59	59	1L63
1LYG	A	1.1	INV	1LYG.pdb	N	T	59	59	1LYG
1L63	A	-0.2	DIR	1L63.pdb	T	S	59	59	1L63
1LYF	A	0.2	INV	1LYF.pdb	S	T	59	59	1LYF
1L63	A	-1.5	DIR	1L63.pdb	T	V	59	59	1L63
1LYE	A	1.5	INV	1LYE.pdb	V	T	59	59	1LYE
1L63	A	-1.0	DIR	1L63.pdb	L	M	66	66	1L63
1D3J	A	1.0	INV	1D3J.pdb	M	L	66	66	1D3J
1L63	A	-1.9	DIR	1L63.pdb	F	A	67	67	1L63
246L	A	1.9	INV	246L.pdb	A	F	67	67	246L
1L63	A	-2.7	DIR	1L63.pdb	D	P	72	72	1L63
1L76	A	2.7	INV	1L76.pdb	P	D	72	72	1L76
1L63	A	-0.4	DIR	1L63.pdb	A	S	73	73	1L63
122L	A	0.4	INV	122L.pdb	S	A	73	73	122L
1L63	A	-1.3	DIR	1L63.pdb	V	T	75	75	1L63
127L	A	1.3	INV	127L.pdb	T	V	75	75	127L
1L63	A	-1.2	DIR	1L63.pdb	I	A	78	78	1L63
1CTW	A	1.2	INV	1CTW.pdb	A	I	78	78	1CTW
1L63	A	-1.5	DIR	1L63.pdb	I	M	78	78	1L63
1CU0	A	1.5	INV	1CU0.pdb	M	I	78	78	1CU0
1L63	A	-0.8	DIR	1L63.pdb	I	V	78	78	1L63
1P2R	A	0.8	INV	1P2R.pdb	V	I	78	78	1P2R
1L63	A	-0.3	DIR	1L63.pdb	A	S	82	82	1L63
123L	A	0.3	INV	123L.pdb	S	A	82	82	123L
1L63	A	-2.6	DIR	1L63.pdb	L	A	84	84	1L63
247L	A	2.6	INV	247L.pdb	A	L	84	84	247L
1L63	A	-1.9	DIR	1L63.pdb	L	M	84	84	1L63
1CU2	A	1.9	INV	1CU2.pdb	M	L	84	84	1CU2
1L63	A	-1.7	DIR	1L63.pdb	V	A	87	87	1L63
236L	A	1.7	INV	236L.pdb	A	V	87	87	236L
1L63	A	-2.3	DIR	1L63.pdb	V	M	87	87	1L63
1CU3	A	2.3	INV	1CU3.pdb	M	V	87	87	1CU3
1L63	A	-0.3	DIR	1L63.pdb	V	I	87	87	1L63
1P2L	A	0.3	INV	1P2L.pdb	I	V	87	87	1P2L
1L63	A	-1.6	DIR	1L63.pdb	V	T	87	87	1L63
128L	A	1.6	INV	128L.pdb	T	V	87	87	128L
1L63	A	-2.6	DIR	1L63.pdb	L	A	91	91	1L63
1CU6	A	2.6	INV	1CU6.pdb	A	L	91	91	1CU6
1L63	A	-0.8	DIR	1L63.pdb	L	M	91	91	1L63
1CU5	A	0.8	INV	1CU5.pdb	M	L	91	91	1CU5
1L63	A	-1.4	DIR	1L63.pdb	D	N	92	92	1L63
1L55	A	1.4	INV	1L55.pdb	N	D	92	92	1L55
1L63	A	-0.2	DIR	1L63.pdb	A	S	93	93	1L63
224L	A	0.2	INV	224L.pdb	S	A	93	93	224L
1L63	A	-1.0	DIR	1L63.pdb	A	C	98	98	1L63
1QSB	A	1.0	INV	1QSB.pdb	C	A	98	98	1QSB
1L63	A	-4.3	DIR	1L63.pdb	A	L	98	98	1L63
1QS5	A	4.3	INV	1QS5.pdb	L	A	98	98	1QS5
1L63	A	-2.5	DIR	1L63.pdb	A	S	98	98	1L63
125L	A	2.5	INV	125L.pdb	S	A	98	98	125L
1L63	A	-3.2	DIR	1L63.pdb	A	V	98	98	1L63
1QS9	A	3.2	INV	1QS9.pdb	V	A	98	98	1QS9
1L63	A	-4.5	DIR	1L63.pdb	L	A	99	99	1L63
1L90	A	4.5	INV	1L90.pdb	A	L	99	99	1L90
1L63	A	-0.3	DIR	1L63.pdb	L	F	99	99	1L63
1L91	A	0.3	INV	1L91.pdb	F	L	99	99	1L91
1L63	A	-1.5	DIR	1L63.pdb	L	I	99	99	1L63
1L92	A	1.5	INV	1L92.pdb	I	L	99	99	1L92
1L63	A	-0.6	DIR	1L63.pdb	L	M	99	99	1L63
1L93	A	0.6	INV	1L93.pdb	M	L	99	99	1L93
1L63	A	-2.0	DIR	1L63.pdb	L	V	99	99	1L63
1L94	A	2.0	INV	1L94.pdb	V	L	99	99	1L94
1L63	A	-3.4	DIR	1L63.pdb	I	A	100	100	1L63
244L	A	3.4	INV	244L.pdb	A	I	100	100	244L
1L63	A	-1.6	DIR	1L63.pdb	I	M	100	100	1L63
1CUP	A	1.6	INV	1CUP.pdb	M	I	100	100	1CUP
1L63	A	-0.4	DIR	1L63.pdb	I	V	100	100	1L63
1P36	A	0.4	INV	1P36.pdb	V	I	100	100	1P36
1L63	A	-1.5	DIR	1L63.pdb	N	A	101	101	1L63
1I6S	A	1.5	INV	1I6S.pdb	A	N	101	101	1I6S
1L63	A	-1.0	DIR	1L63.pdb	M	L	102	102	1L63
1L77	A	1.0	INV	1L77.pdb	L	M	102	102	1L77
1L63	A	-2.2	DIR	1L63.pdb	V	A	103	103	1L63
238L	A	2.2	INV	238L.pdb	A	V	103	103	238L
1L63	A	-0.5	DIR	1L63.pdb	V	I	103	103	1L63
1P7S	A	0.5	INV	1P7S.pdb	I	V	103	103	1P7S
1L63	A	-1.2	DIR	1L63.pdb	V	M	103	103	1L63
1CUQ	A	1.2	INV	1CUQ.pdb	M	V	103	103	1CUQ
1L63	A	-0.4	DIR	1L63.pdb	F	M	104	104	1L63
1CV0	A	0.4	INV	1CV0.pdb	M	F	104	104	1CV0
1L63	A	-1.2	DIR	1L63.pdb	Q	M	105	105	1L63
1G1W	A	1.2	INV	1G1W.pdb	M	Q	105	105	1G1W
1L63	A	0.2	DIR	1L63.pdb	M	I	106	106	1L63
1P46	A	-0.2	INV	1P46.pdb	I	M	106	106	1P46
1L63	A	0.5	DIR	1L63.pdb	M	L	106	106	1L63
234L	A	-0.5	INV	234L.pdb	L	M	106	106	234L
1L63	A	-3.4	DIR	1L63.pdb	M	K	106	106	1L63
231L	A	3.4	INV	231L.pdb	K	M	106	106	231L
1L63	A	0.6	DIR	1L63.pdb	T	D	109	109	1L63
1L62	A	-0.6	INV	1L62.pdb	D	T	109	109	1L62
1L63	A	0.1	DIR	1L63.pdb	T	N	109	109	1L63
1L59	A	-0.1	INV	1L59.pdb	N	T	109	109	1L59
1L63	A	-1.3	DIR	1L63.pdb	V	A	111	111	1L63
235L	A	1.3	INV	235L.pdb	A	V	111	111	235L
1L63	A	-0.9	DIR	1L63.pdb	V	I	111	111	1L63
2L78	A	0.9	INV	2L78.pdb	I	V	111	111	2L78
1L63	A	-0.7	DIR	1L63.pdb	V	M	111	111	1L63
1CV1	A	0.7	INV	1CV1.pdb	M	V	111	111	1CV1
1L63	A	1.1	DIR	1L63.pdb	S	F	117	117	1L63
1TLA	A	-1.1	INV	1TLA.pdb	F	S	117	117	1TLA
1L63	A	-3.2	DIR	1L63.pdb	L	A	118	118	1L63
1CVK	A	3.2	INV	1CVK.pdb	A	L	118	118	1CVK
1L63	A	-0.7	DIR	1L63.pdb	L	M	118	118	1L63
1CV4	A	0.7	INV	1CV4.pdb	M	L	118	118	1CV4
1L63	A	0.5	DIR	1L63.pdb	M	L	120	120	1L63
233L	A	-0.5	INV	233L.pdb	L	M	120	120	233L
1L63	A	-1.6	DIR	1L63.pdb	M	K	120	120	1L63
232L	A	1.6	INV	232L.pdb	K	M	120	120	232L
1L63	A	-0.1	DIR	1L63.pdb	M	Y	120	120	1L63
1P6Y	A	0.1	INV	1P6Y.pdb	Y	M	120	120	1P6Y
1L63	A	-0.8	DIR	1L63.pdb	L	M	121	121	1L63
1CV3	A	0.8	INV	1CV3.pdb	M	L	121	121	1CV3
1L63	A	-1.2	DIR	1L63.pdb	A	F	129	129	1L63
1QTC	A	1.2	INV	1QTC.pdb	F	A	129	129	1QTC
1L63	A	-2.2	DIR	1L63.pdb	A	W	129	129	1L63
1QTD	A	2.2	INV	1QTD.pdb	W	A	129	129	1QTD
1L63	A	-1.0	DIR	1L63.pdb	A	S	130	130	1L63
118L	A	1.0	INV	118L.pdb	S	A	130	130	118L
1L63	A	-0.3	DIR	1L63.pdb	L	F	133	133	1L63
1P64	A	0.3	INV	1P64.pdb	F	L	133	133	1P64
1L63	A	-0.4	DIR	1L63.pdb	L	M	133	133	1L63
1CV5	A	0.4	INV	1CV5.pdb	M	L	133	133	1CV5
1L63	A	-0.1	DIR	1L63.pdb	A	S	134	134	1L63
119L	A	0.1	INV	119L.pdb	S	A	134	134	119L
1L63	A	0.5	DIR	1L63.pdb	N	E	144	144	1L63
1L39	A	-0.5	INV	1L39.pdb	E	N	144	144	1L39
1L63	A	-3.2	DIR	1L63.pdb	V	A	149	149	1L63
237L	A	3.2	INV	237L.pdb	A	V	149	149	237L
1L63	A	-2.0	DIR	1L63.pdb	V	C	149	149	1L63
1G07	A	2.0	INV	1G07.pdb	C	V	149	149	1G07
1L63	A	-4.9	DIR	1L63.pdb	V	G	149	149	1L63
1G0P	A	4.9	INV	1G0P.pdb	G	V	149	149	1G0P
1L63	A	-0.1	DIR	1L63.pdb	V	I	149	149	1L63
1G0Q	A	0.1	INV	1G0Q.pdb	I	V	149	149	1G0Q
1L63	A	-2.8	DIR	1L63.pdb	V	M	149	149	1L63
1CV6	A	2.8	INV	1CV6.pdb	M	V	149	149	1CV6
1L63	A	-2.8	DIR	1L63.pdb	V	T	149	149	1L63
126L	A	2.8	INV	126L.pdb	T	V	149	149	126L
1L63	A	-4.4	DIR	1L63.pdb	V	S	149	149	1L63
1G06	A	4.4	INV	1G06.pdb	S	V	149	149	1G06
1L63	A	-1.5	DIR	1L63.pdb	T	A	152	152	1L63
1G0G	A	1.5	INV	1G0G.pdb	A	T	152	152	1G0G
1L63	A	-0.5	DIR	1L63.pdb	T	C	152	152	1L63
1G0K	A	0.5	INV	1G0K.pdb	C	T	152	152	1G0K
1L63	A	-0.4	DIR	1L63.pdb	T	I	152	152	1L63
1G0M	A	0.4	INV	1G0M.pdb	I	T	152	152	1G0M
1L63	A	-2.0	DIR	1L63.pdb	T	S	152	152	1L63
1G0J	A	2.0	INV	1G0J.pdb	S	T	152	152	1G0J
1L63	A	0.2	DIR	1L63.pdb	T	V	152	152	1L63
1G0L	A	-0.2	INV	1G0L.pdb	V	T	152	152	1G0L
1L63	A	-3.8	DIR	1L63.pdb	F	A	153	153	1L63
1L85	A	3.8	INV	1L85.pdb	A	F	153	153	1L85
1L63	A	-0.2	DIR	1L63.pdb	F	I	153	153	1L63
1L86	A	0.2	INV	1L86.pdb	I	F	153	153	1L86
1L63	A	0.3	DIR	1L63.pdb	F	L	153	153	1L63
1L87	A	-0.3	INV	1L87.pdb	L	F	153	153	1L87
1L63	A	-0.6	DIR	1L63.pdb	F	M	153	153	1L63
1L88	A	0.6	INV	1L88.pdb	M	F	153	153	1L88
1L63	A	-1.8	DIR	1L63.pdb	F	V	153	153	1L63
1L95	A	1.8	INV	1L95.pdb	V	F	153	153	1L95
1LZ1	A	-1.5	DIR	1LZ1.pdb	V	A	2	2	1LZ1
1OUG	A	1.5	INV	1OUG.pdb	A	V	2	2	1OUG
1LZ1	A	-2.29	DIR	1LZ1.pdb	V	G	2	2	1LZ1
1GAY	A	2.29	INV	1GAY.pdb	G	V	2	2	1GAY
1LZ1	A	-1.4	DIR	1LZ1.pdb	V	S	2	2	1LZ1
1GF8	A	1.4	INV	1GF8.pdb	S	V	2	2	1GF8
1LZ1	A	-0.4	DIR	1LZ1.pdb	V	Y	2	2	1LZ1
1GF9	A	0.4	INV	1GF9.pdb	Y	V	2	2	1GF9
1LZ1	A	-1.4	DIR	1LZ1.pdb	V	D	2	2	1LZ1
1GFA	A	1.4	INV	1GFA.pdb	D	V	2	2	1GFA
1LZ1	A	-1.3	DIR	1LZ1.pdb	V	N	2	2	1LZ1
1GFE	A	1.3	INV	1GFE.pdb	N	V	2	2	1GFE
1LZ1	A	-0.4	DIR	1LZ1.pdb	V	R	2	2	1LZ1
1GFG	A	0.4	INV	1GFG.pdb	R	V	2	2	1GFG
1LZ1	A	-0.05	DIR	1LZ1.pdb	V	L	2	2	1LZ1
1GB0	A	0.05	INV	1GB0.pdb	L	V	2	2	1GB0
1LZ1	A	-0.2	DIR	1LZ1.pdb	V	M	2	2	1LZ1
1GB2	A	0.2	INV	1GB2.pdb	M	V	2	2	1GB2
1LZ1	A	-0.8	DIR	1LZ1.pdb	V	F	2	2	1LZ1
1GB3	A	0.8	INV	1GB3.pdb	F	V	2	2	1GB3
1LZ1	A	-0.5	DIR	1LZ1.pdb	Y	F	20	20	1LZ1
1WQN	A	0.5	INV	1WQN.pdb	F	Y	20	20	1WQN
1LZ1	A	-2.5	DIR	1LZ1.pdb	I	A	23	23	1LZ1
2HEB	A	2.5	INV	2HEB.pdb	A	I	23	23	2HEB
1LZ1	A	-0.4	DIR	1LZ1.pdb	I	V	23	23	1LZ1
1YAN	A	0.4	INV	1YAN.pdb	V	I	23	23	1YAN
1LZ1	A	-0.2	DIR	1LZ1.pdb	Y	F	38	38	1LZ1
1WQO	A	0.2	INV	1WQO.pdb	F	Y	38	38	1WQO
1LZ1	A	0.1	DIR	1LZ1.pdb	Y	F	45	45	1LZ1
1WQP	A	-0.1	INV	1WQP.pdb	F	Y	45	45	1WQP
1LZ1	A	0.1	DIR	1LZ1.pdb	A	P	47	47	1LZ1
1LHL	A	-0.1	INV	1LHL.pdb	P	A	47	47	1LHL
1LZ1	A	-1.0	DIR	1LZ1.pdb	Y	F	54	54	1LZ1
1WQQ	A	1.0	INV	1WQQ.pdb	F	Y	54	54	1WQQ
1LZ1	A	-3.7	DIR	1LZ1.pdb	I	A	56	56	1LZ1
2HEC	A	3.7	INV	2HEC.pdb	A	I	56	56	2HEC
1LZ1	A	-3.6	DIR	1LZ1.pdb	I	T	56	56	1LZ1
1OUA	A	3.6	INV	1OUA.pdb	T	I	56	56	1OUA
1LZ1	A	-1.2	DIR	1LZ1.pdb	I	V	56	56	1LZ1
1YAO	A	1.2	INV	1YAO.pdb	V	I	56	56	1YAO
1LZ1	A	-1.7	DIR	1LZ1.pdb	I	A	59	59	1LZ1
2HED	A	1.7	INV	2HED.pdb	A	I	59	59	2HED
1LZ1	A	-3.8	DIR	1LZ1.pdb	I	G	59	59	1LZ1
2HEE	A	3.8	INV	2HEE.pdb	G	I	59	59	2HEE
1LZ1	A	-1.1	DIR	1LZ1.pdb	I	V	59	59	1LZ1
1YAP	A	1.1	INV	1YAP.pdb	V	I	59	59	1YAP
1LZ1	A	-0.2	DIR	1LZ1.pdb	Y	F	63	63	1LZ1
1WQR	A	0.2	INV	1WQR.pdb	F	Y	63	63	1WQR
1LZ1	A	-1.6	DIR	1LZ1.pdb	P	G	71	71	1LZ1
1LHI	A	1.6	INV	1LHI.pdb	G	P	71	71	1LHI
1LZ1	A	-0.4	DIR	1LZ1.pdb	V	A	74	74	1LZ1
1OUH	A	0.4	INV	1OUH.pdb	A	V	74	74	1OUH
1LZ1	A	-0.1	DIR	1LZ1.pdb	V	G	74	74	1LZ1
1GB5	A	0.1	INV	1GB5.pdb	G	V	74	74	1GB5
1LZ1	A	0.45	DIR	1LZ1.pdb	V	I	74	74	1LZ1
1GB6	A	-0.45	INV	1GB6.pdb	I	V	74	74	1GB6
1LZ1	A	0.19	DIR	1LZ1.pdb	V	L	74	74	1LZ1
1GB7	A	-0.19	INV	1GB7.pdb	L	V	74	74	1GB7
1LZ1	A	0.65	DIR	1LZ1.pdb	V	M	74	74	1LZ1
1GB8	A	-0.65	INV	1GB8.pdb	M	V	74	74	1GB8
1LZ1	A	0.0	DIR	1LZ1.pdb	V	F	74	74	1LZ1
1GB9	A	0.0	INV	1GB9.pdb	F	V	74	74	1GB9
1LZ1	A	-0.3	DIR	1LZ1.pdb	V	Y	74	74	1LZ1
1GFH	A	0.3	INV	1GFH.pdb	Y	V	74	74	1GFH
1LZ1	A	-0.4	DIR	1LZ1.pdb	V	D	74	74	1LZ1
1GFJ	A	0.4	INV	1GFJ.pdb	D	V	74	74	1GFJ
1LZ1	A	-0.3	DIR	1LZ1.pdb	V	N	74	74	1LZ1
1GFK	A	0.3	INV	1GFK.pdb	N	V	74	74	1GFK
1LZ1	A	-0.1	DIR	1LZ1.pdb	V	R	74	74	1LZ1
1GFR	A	0.1	INV	1GFR.pdb	R	V	74	74	1GFR
1LZ1	A	-0.4	DIR	1LZ1.pdb	V	S	74	74	1LZ1
1B7S	A	0.4	INV	1B7S.pdb	S	V	74	74	1B7S
1LZ1	A	-4.6	DIR	1LZ1.pdb	C	A	77	77	1LZ1
1HNL	A	4.6	INV	1HNL.pdb	A	C	77	77	1HNL
1LZ1	A	-2.7	DIR	1LZ1.pdb	I	A	89	89	1LZ1
2HEF	A	2.7	INV	2HEF.pdb	A	I	89	89	2HEF
1LZ1	A	-0.5	DIR	1LZ1.pdb	I	V	89	89	1LZ1
1YAQ	A	0.5	INV	1YAQ.pdb	V	I	89	89	1YAQ
1LZ1	A	-0.4	DIR	1LZ1.pdb	D	P	91	91	1LZ1
1LHK	A	0.4	INV	1LHK.pdb	P	D	91	91	1LHK
1LZ1	A	-0.7	DIR	1LZ1.pdb	V	A	93	93	1LZ1
1OUI	A	0.7	INV	1OUI.pdb	A	V	93	93	1OUI
1LZ1	A	-1.0	DIR	1LZ1.pdb	V	A	99	99	1LZ1
1OUJ	A	1.0	INV	1OUJ.pdb	A	V	99	99	1OUJ
1LZ1	A	-0.3	DIR	1LZ1.pdb	V	A	100	100	1LZ1
1OUB	A	0.3	INV	1OUB.pdb	A	V	100	100	1OUB
1LZ1	A	-0.1	DIR	1LZ1.pdb	P	G	103	103	1LZ1
1LHJ	A	0.1	INV	1LHJ.pdb	G	P	103	103	1LHJ
1LZ1	A	-0.9	DIR	1LZ1.pdb	I	A	106	106	1LZ1
2HEA	A	0.9	INV	2HEA.pdb	A	I	106	106	2HEA
1LZ1	A	-0.7	DIR	1LZ1.pdb	I	V	106	106	1LZ1
1YAM	A	0.7	INV	1YAM.pdb	V	I	106	106	1YAM
1LZ1	A	0.5	DIR	1LZ1.pdb	V	A	110	110	1LZ1
1OUC	A	-0.5	INV	1OUC.pdb	A	V	110	110	1OUC
1LZ1	A	0.2	DIR	1LZ1.pdb	V	D	110	110	1LZ1
1GFU	A	-0.2	INV	1GFU.pdb	D	V	110	110	1GFU
1LZ1	A	0.48	DIR	1LZ1.pdb	V	G	110	110	1LZ1
1GBO	A	-0.48	INV	1GBO.pdb	G	V	110	110	1GBO
1LZ1	A	0.86	DIR	1LZ1.pdb	V	I	110	110	1LZ1
1GBW	A	-0.86	INV	1GBW.pdb	I	V	110	110	1GBW
1LZ1	A	0.1	DIR	1LZ1.pdb	V	L	110	110	1LZ1
1GBX	A	-0.1	INV	1GBX.pdb	L	V	110	110	1GBX
1LZ1	A	0.4	DIR	1LZ1.pdb	V	M	110	110	1LZ1
1GBY	A	-0.4	INV	1GBY.pdb	M	V	110	110	1GBY
1LZ1	A	0.1	DIR	1LZ1.pdb	V	N	110	110	1LZ1
1GFV	A	-0.1	INV	1GFV.pdb	N	V	110	110	1GFV
1LZ1	A	0.9	DIR	1LZ1.pdb	V	R	110	110	1LZ1
1INU	A	-0.9	INV	1INU.pdb	R	V	110	110	1INU
1LZ1	A	-0.05	DIR	1LZ1.pdb	V	F	110	110	1LZ1
1GBZ	A	0.05	INV	1GBZ.pdb	F	V	110	110	1GBZ
1LZ1	A	0.5	DIR	1LZ1.pdb	V	P	110	110	1LZ1
1LHH	A	-0.5	INV	1LHH.pdb	P	V	110	110	1LHH
1LZ1	A	-0.1	DIR	1LZ1.pdb	V	Y	110	110	1LZ1
1GFT	A	0.1	INV	1GFT.pdb	Y	V	110	110	1GFT
1LZ1	A	-1.4	DIR	1LZ1.pdb	V	A	121	121	1LZ1
1OUD	A	1.4	INV	1OUD.pdb	A	V	121	121	1OUD
1LZ1	A	-0.4	DIR	1LZ1.pdb	Y	F	124	124	1LZ1
1WQM	A	0.4	INV	1WQM.pdb	F	Y	124	124	1WQM
1LZ1	A	-1.3	DIR	1LZ1.pdb	V	A	125	125	1LZ1
1OUE	A	1.3	INV	1OUE.pdb	A	V	125	125	1OUE
1LZ1	A	-0.8	DIR	1LZ1.pdb	V	A	130	130	1LZ1
1OUF	A	0.8	INV	1OUF.pdb	A	V	130	130	1OUF
1OH0	A	0.2	DIR	1OH0.pdb	Y	F	32	30	1OH0
1DMQ	A	-0.2	INV	1DMQ.pdb	F	Y	32	31	1DMQ
1OH0	A	-1.2	DIR	1OH0.pdb	Y	F	57	55	1OH0
1DMM	A	1.2	INV	1DMM.pdb	F	Y	57	56	1DMM
1RN1	C	0.93	DIR	1RN1.pdb	Q	K	25	25	1RN1
1RGC	A	-0.93	INV	1RGC.pdb	K	Q	25	25	1RGC
1VQB	A	-0.4	DIR	1VQB.pdb	I	L	47	47	1VQB
1VQG	A	0.4	INV	1VQG.pdb	L	I	47	47	1VQG
1VQB	A	-1.7	DIR	1VQB.pdb	I	M	47	47	1VQB
1VQH	A	1.7	INV	1VQH.pdb	M	I	47	47	1VQH
1VQB	A	-2.0	DIR	1VQB.pdb	I	V	47	47	1VQB
1VQI	A	2.0	INV	1VQI.pdb	V	I	47	47	1VQI
1VQB	A	-0.6	DIR	1VQB.pdb	V	I	35	35	1VQB
1VQJ	A	0.6	INV	1VQJ.pdb	I	V	35	35	1VQJ
1VQB	A	-3.2	DIR	1VQB.pdb	Y	F	41	41	1VQB
1YHB	A	3.2	INV	1YHB.pdb	F	Y	41	41	1YHB
2LZM	A	0.7	DIR	2LZM.pdb	I	L	3	3	2LZM
149L	A	-0.7	INV	149L.pdb	L	I	3	3	149L
2LZM	A	1.2	DIR	2LZM.pdb	I	C	3	3	2LZM
172L	A	-1.2	INV	172L.pdb	C	I	3	3	172L
2LZM	A	-3.0	DIR	2LZM.pdb	I	P	3	3	2LZM
1L96	A	3.0	INV	1L96.pdb	P	I	3	3	1L96
2LZM	A	-2.3	DIR	2LZM.pdb	I	Y	3	3	2LZM
1L18	A	2.3	INV	1L18.pdb	Y	I	3	3	1L18
2LZM	A	-0.4	DIR	2LZM.pdb	I	V	3	3	2LZM
1L17	A	0.4	INV	1L17.pdb	V	I	3	3	1L17
2LZM	A	-1.4	DIR	2LZM.pdb	M	I	6	6	2LZM
150L	A	1.4	INV	150L.pdb	I	M	6	6	150L
2LZM	A	0.5	DIR	2LZM.pdb	K	E	16	16	2LZM
1L42	A	-0.5	INV	1L42.pdb	E	K	16	16	1L42
2LZM	A	0.6	DIR	2LZM.pdb	S	D	38	38	2LZM
1L19	A	-0.6	INV	1L19.pdb	D	S	38	38	1L19
2LZM	A	-0.6	DIR	2LZM.pdb	N	G	55	55	2LZM
1L21	A	0.6	INV	1L21.pdb	G	N	55	55	1L21
2LZM	A	0.0	DIR	2LZM.pdb	K	P	60	60	2LZM
1L56	A	0.0	INV	1L56.pdb	P	K	60	60	1L56
2LZM	A	0.4	DIR	2LZM.pdb	G	A	77	77	2LZM
1L23	A	-0.4	INV	1L23.pdb	A	G	77	77	1L23
2LZM	A	0.8	DIR	2LZM.pdb	A	P	82	82	2LZM
1L24	A	-0.8	INV	1L24.pdb	P	A	82	82	1L24
2LZM	A	-0.6	DIR	2LZM.pdb	K	A	85	85	2LZM
3C81	A	0.6	INV	3C81.pdb	A	K	85	85	3C81
2LZM	A	-0.5	DIR	2LZM.pdb	D	A	89	89	2LZM
3C83	A	0.5	INV	3C83.pdb	A	D	89	89	3C83
2LZM	A	-2.0	DIR	2LZM.pdb	R	A	96	96	2LZM
3C7Y	A	2.0	INV	3C7Y.pdb	A	R	96	96	3C7Y
2LZM	A	-3.5	DIR	2LZM.pdb	R	D	96	96	2LZM
3C8Q	A	3.5	INV	3C8Q.pdb	D	R	96	96	3C8Q
2LZM	A	-2.7	DIR	2LZM.pdb	R	M	96	96	2LZM
3CDV	A	2.7	INV	3CDV.pdb	M	R	96	96	3CDV
2LZM	A	-2.5	DIR	2LZM.pdb	R	E	96	96	2LZM
3C8S	A	2.5	INV	3C8S.pdb	E	R	96	96	3C8S
2LZM	A	-2.6	DIR	2LZM.pdb	R	G	96	96	2LZM
3C8R	A	2.6	INV	3C8R.pdb	G	R	96	96	3C8R
2LZM	A	-0.3	DIR	2LZM.pdb	R	Q	96	96	2LZM
3CDR	A	0.3	INV	3CDR.pdb	Q	R	96	96	3CDR
2LZM	A	-3.1	DIR	2LZM.pdb	R	H	96	96	2LZM
3F8V	A	3.1	INV	3F8V.pdb	H	R	96	96	3F8V
2LZM	A	-3.0	DIR	2LZM.pdb	R	N	96	96	2LZM
3CDT	A	3.0	INV	3CDT.pdb	N	R	96	96	3CDT
2LZM	A	0.0	DIR	2LZM.pdb	R	K	96	96	2LZM
3C7W	A	0.0	INV	3C7W.pdb	K	R	96	96	3C7W
2LZM	A	-2.6	DIR	2LZM.pdb	R	S	96	96	2LZM
3CDQ	A	2.6	INV	3CDQ.pdb	S	R	96	96	3CDQ
2LZM	A	-4.7	DIR	2LZM.pdb	R	Y	96	96	2LZM
3C80	A	4.7	INV	3C80.pdb	Y	R	96	96	3C80
2LZM	A	-2.4	DIR	2LZM.pdb	R	V	96	96	2LZM
3CDO	A	2.4	INV	3CDO.pdb	V	R	96	96	3CDO
2LZM	A	-4.5	DIR	2LZM.pdb	R	W	96	96	2LZM
3FI5	A	4.5	INV	3FI5.pdb	W	R	96	96	3FI5
2LZM	A	-4.9	DIR	2LZM.pdb	A	V	98	98	2LZM
1L48	A	4.9	INV	1L48.pdb	V	A	98	98	1L48
2LZM	A	-0.6	DIR	2LZM.pdb	Q	A	105	105	2LZM
1L00	A	0.6	INV	1L00.pdb	A	Q	105	105	1L00
2LZM	A	-1.1	DIR	2LZM.pdb	Q	E	105	105	2LZM
1L98	A	1.1	INV	1L98.pdb	E	Q	105	105	1L98
2LZM	A	-1.5	DIR	2LZM.pdb	Q	G	105	105	2LZM
1L99	A	1.5	INV	1L99.pdb	G	Q	105	105	1L99
2LZM	A	0.3	DIR	2LZM.pdb	G	A	113	113	2LZM
1L60	A	-0.3	INV	1L60.pdb	A	G	113	113	1L60
2LZM	A	0.3	DIR	2LZM.pdb	T	E	115	115	2LZM
1L37	A	-0.3	INV	1L37.pdb	E	T	115	115	1L37
2LZM	A	0.6	DIR	2LZM.pdb	N	D	116	116	2LZM
1L57	A	-0.6	INV	1L57.pdb	D	N	116	116	1L57
2LZM	A	-0.04	DIR	2LZM.pdb	R	E	119	119	2LZM
1L44	A	0.04	INV	1L44.pdb	E	R	119	119	1L44
2LZM	A	0.4	DIR	2LZM.pdb	Q	E	123	123	2LZM
1L38	A	-0.4	INV	1L38.pdb	E	Q	123	123	1L38
2LZM	A	-0.1	DIR	2LZM.pdb	K	G	124	124	2LZM
1L22	A	0.1	INV	1L22.pdb	G	K	124	124	1L22
2LZM	A	0.3	DIR	2LZM.pdb	V	A	131	131	2LZM
1L33	A	-0.3	INV	1L33.pdb	A	V	131	131	1L33
2LZM	A	0.1	DIR	2LZM.pdb	V	D	131	131	2LZM
1DYA	A	-0.1	INV	1DYA.pdb	D	V	131	131	1DYA
2LZM	A	-0.7	DIR	2LZM.pdb	V	G	131	131	2LZM
1DYB	A	0.7	INV	1DYB.pdb	G	V	131	131	1DYB
2LZM	A	0.2	DIR	2LZM.pdb	V	I	131	131	2LZM
1DYC	A	-0.2	INV	1DYC.pdb	I	V	131	131	1DYC
2LZM	A	0.1	DIR	2LZM.pdb	V	L	131	131	2LZM
1DYD	A	-0.1	INV	1DYD.pdb	L	V	131	131	1DYD
2LZM	A	-0.1	DIR	2LZM.pdb	V	S	131	131	2LZM
1DYE	A	0.1	INV	1DYE.pdb	S	V	131	131	1DYE
2LZM	A	0.1	DIR	2LZM.pdb	V	M	131	131	2LZM
1DYF	A	-0.1	INV	1DYF.pdb	M	V	131	131	1DYF
2LZM	A	0.2	DIR	2LZM.pdb	V	E	131	131	2LZM
1DYG	A	-0.2	INV	1DYG.pdb	E	V	131	131	1DYG
2LZM	A	-4.2	DIR	2LZM.pdb	L	A	133	133	2LZM
1L69	A	4.2	INV	1L69.pdb	A	L	133	133	1L69
2LZM	A	-1.0	DIR	2LZM.pdb	K	E	135	135	2LZM
1L45	A	1.0	INV	1L45.pdb	E	K	135	135	1L45
2LZM	A	0.4	DIR	2LZM.pdb	N	D	144	144	2LZM
1L20	A	-0.4	INV	1L20.pdb	D	N	144	144	1L20
2LZM	A	-0.7	DIR	2LZM.pdb	K	E	147	147	2LZM
1L46	A	0.7	INV	1L46.pdb	E	K	147	147	1L46
2LZM	A	-2.2	DIR	2LZM.pdb	V	C	149	149	2LZM
1L53	A	2.2	INV	1L53.pdb	C	V	149	149	1L53
2LZM	A	-2.6	DIR	2LZM.pdb	T	S	152	152	2LZM
1L52	A	2.6	INV	1L52.pdb	S	T	152	152	1L52
2LZM	A	-1.1	DIR	2LZM.pdb	R	E	154	154	2LZM
1L47	A	1.1	INV	1L47.pdb	E	R	154	154	1L47
2LZM	A	-2.3	DIR	2LZM.pdb	G	D	156	156	2LZM
1L16	A	2.3	INV	1L16.pdb	D	G	156	156	1L16
2LZM	A	-0.5	DIR	2LZM.pdb	T	A	157	157	2LZM
1L02	A	0.5	INV	1L02.pdb	A	T	157	157	1L02
2LZM	A	-1.3	DIR	2LZM.pdb	T	C	157	157	2LZM
1L03	A	1.3	INV	1L03.pdb	C	T	157	157	1L03
2LZM	A	-1.1	DIR	2LZM.pdb	T	D	157	157	2LZM
1L04	A	1.1	INV	1L04.pdb	D	T	157	157	1L04
2LZM	A	-0.8	DIR	2LZM.pdb	T	E	157	157	2LZM
1L06	A	0.8	INV	1L06.pdb	E	T	157	157	1L06
2LZM	A	-2.4	DIR	2LZM.pdb	T	F	157	157	2LZM
1L07	A	2.4	INV	1L07.pdb	F	T	157	157	1L07
2LZM	A	-1.1	DIR	2LZM.pdb	T	G	157	157	2LZM
1L08	A	1.1	INV	1L08.pdb	G	T	157	157	1L08
2LZM	A	-2.1	DIR	2LZM.pdb	T	H	157	157	2LZM
1L09	A	2.1	INV	1L09.pdb	H	T	157	157	1L09
2LZM	A	-1.5	DIR	2LZM.pdb	T	I	157	157	2LZM
1L10	A	1.5	INV	1L10.pdb	I	T	157	157	1L10
2LZM	A	-1.7	DIR	2LZM.pdb	T	L	157	157	2LZM
1L11	A	1.7	INV	1L11.pdb	L	T	157	157	1L11
2LZM	A	-1.2	DIR	2LZM.pdb	T	N	157	157	2LZM
1L12	A	1.2	INV	1L12.pdb	N	T	157	157	1L12
2LZM	A	0.3	DIR	2LZM.pdb	T	R	157	157	2LZM
1L13	A	-0.3	INV	1L13.pdb	R	T	157	157	1L13
2LZM	A	-0.7	DIR	2LZM.pdb	T	S	157	157	2LZM
1L14	A	0.7	INV	1L14.pdb	S	T	157	157	1L14
2LZM	A	-1.2	DIR	2LZM.pdb	T	V	157	157	2LZM
1L15	A	1.2	INV	1L15.pdb	V	T	157	157	1L15
2RN2	A	0.9	DIR	2RN2.pdb	D	N	10	10	2RN2
1RDA	A	-0.9	INV	1RDA.pdb	N	D	10	10	1RDA
2RN2	A	0.2	DIR	2RN2.pdb	E	Q	48	48	2RN2
1RDB	A	-0.2	INV	1RDB.pdb	Q	E	48	48	1RDB
2RN2	A	-0.5	DIR	2RN2.pdb	A	F	52	52	2RN2
3AA5	X	0.5	INV	3AA5.pdb	F	A	52	51	3AA5
2RN2	A	1.9	DIR	2RN2.pdb	A	I	52	52	2RN2
3AA2	A	-1.9	INV	3AA2.pdb	I	A	52	50	3AA2
2RN2	A	1.3	DIR	2RN2.pdb	A	L	52	52	2RN2
3AA3	A	-1.3	INV	3AA3.pdb	L	A	52	52	3AA3
2RN2	A	1.7	DIR	2RN2.pdb	A	V	52	52	2RN2
3AA4	A	-1.7	INV	3AA4.pdb	V	A	52	51	3AA4
2RN2	A	0.4	DIR	2RN2.pdb	H	A	62	62	2RN2
1RBS	A	-0.4	INV	1RBS.pdb	A	H	62	62	1RBS
2RN2	A	1.1	DIR	2RN2.pdb	H	P	62	62	2RN2
1RBR	A	-1.1	INV	1RBR.pdb	P	H	62	62	1RBR
2RN2	A	0.9	DIR	2RN2.pdb	D	N	70	70	2RN2
1RDC	A	-0.9	INV	1RDC.pdb	N	D	70	70	1RDC
2RN2	A	1.0	DIR	2RN2.pdb	V	L	74	74	2RN2
1LAV	A	-1.0	INV	1LAV.pdb	L	V	74	74	1LAV
2RN2	A	0.6	DIR	2RN2.pdb	V	I	74	74	2RN2
1LAW	A	-0.6	INV	1LAW.pdb	I	V	74	74	1LAW
2RN2	A	-0.9	DIR	2RN2.pdb	G	A	77	77	2RN2
1GOB	A	0.9	INV	1GOB.pdb	A	G	77	77	1GOB
2RN2	A	0.1	DIR	2RN2.pdb	K	A	95	95	2RN2
1RBV	A	-0.1	INV	1RBV.pdb	A	K	95	95	1RBV
2RN2	A	1.9	DIR	2RN2.pdb	K	G	95	95	2RN2
1RBT	A	-1.9	INV	1RBT.pdb	G	K	95	95	1RBT
2RN2	A	0.9	DIR	2RN2.pdb	K	N	95	95	2RN2
1RBU	A	-0.9	INV	1RBU.pdb	N	K	95	95	1RBU
2RN2	A	2.1	DIR	2RN2.pdb	D	A	134	134	2RN2
1KVA	A	-2.1	INV	1KVA.pdb	A	D	134	134	1KVA
2RN2	A	2.3	DIR	2RN2.pdb	D	H	134	134	2RN2
1KVB	A	-2.3	INV	1KVB.pdb	H	D	134	134	1KVB
2RN2	A	1.0	DIR	2RN2.pdb	D	N	134	134	2RN2
1KVC	A	-1.0	INV	1KVC.pdb	N	D	134	134	1KVC
4LYZ	A	0.5	DIR	4LYZ.pdb	M	F	12	12	4LYZ
1IOS	A	-0.5	INV	1IOS.pdb	F	M	12	12	1IOS
4LYZ	A	-0.4	DIR	4LYZ.pdb	M	L	12	12	4LYZ
1IOT	A	0.4	INV	1IOT.pdb	L	M	12	12	1IOT
4LYZ	A	-0.3	DIR	4LYZ.pdb	T	S	40	40	4LYZ
1HER	A	0.3	INV	1HER.pdb	S	T	40	40	1HER
4LYZ	A	-1.9	DIR	4LYZ.pdb	G	A	49	49	4LYZ
1FN5	A	1.9	INV	1FN5.pdb	A	G	49	49	1FN5
4LYZ	A	-0.9	DIR	4LYZ.pdb	I	V	55	55	4LYZ
1HEO	A	0.9	INV	1HEO.pdb	V	I	55	55	1HEO
4LYZ	A	-1.2	DIR	4LYZ.pdb	I	M	58	58	4LYZ
1IR8	A	1.2	INV	1IR8.pdb	M	I	58	58	1IR8
4LYZ	A	-0.5	DIR	4LYZ.pdb	G	A	67	67	4LYZ
1FLU	A	0.5	INV	1FLU.pdb	A	G	67	67	1FLU
4LYZ	A	-0.38	DIR	4LYZ.pdb	G	A	71	71	4LYZ
1FLW	A	0.38	INV	1FLW.pdb	A	G	71	71	1FLW
4LYZ	A	-0.9	DIR	4LYZ.pdb	I	M	78	78	4LYZ
1IR7	A	0.9	INV	1IR7.pdb	M	I	78	78	1IR7
4LYZ	A	-0.2	DIR	4LYZ.pdb	S	A	91	91	4LYZ
1LSN	A	0.2	INV	1LSN.pdb	A	S	91	91	1LSN
4LYZ	A	1.0	DIR	4LYZ.pdb	S	T	91	91	4LYZ
1HEM	A	-1.0	INV	1HEM.pdb	T	S	91	91	1HEM
4LYZ	A	-0.9	DIR	4LYZ.pdb	I	M	98	98	4LYZ
1IR9	A	0.9	INV	1IR9.pdb	M	I	98	98	1IR9
4LYZ	A	0.02	DIR	4LYZ.pdb	G	A	102	102	4LYZ
1FLY	A	-0.02	INV	1FLY.pdb	A	G	102	102	1FLY
4LYZ	A	-1.46	DIR	4LYZ.pdb	G	A	117	117	4LYZ
1FLQ	A	1.46	INV	1FLQ.pdb	A	G	117	117	1FLQ
5PTI	A	-1.2	DIR	5PTI.pdb	F	A	22	22	5PTI
1BTI	A	1.2	INV	1BTI.pdb	A	F	22	22	1BTI
5PTI	A	-5.9	DIR	5PTI.pdb	Y	A	23	23	5PTI
1BPT	A	5.9	INV	1BPT.pdb	A	Y	23	23	1BPT
5PTI	A	-5.0	DIR	5PTI.pdb	Y	G	35	35	5PTI
8PTI	A	5.0	INV	8PTI.pdb	G	Y	35	35	8PTI
5PTI	A	-5.7	DIR	5PTI.pdb	N	G	43	43	5PTI
1NAG	A	5.7	INV	1NAG.pdb	G	N	43	43	1NAG
5PTI	A	-6.9	DIR	5PTI.pdb	F	A	45	45	5PTI
1FAN	A	6.9	INV	1FAN.pdb	A	F	45	45	1FAN
