UniProtID	MutPos	WT	Mut	Label	StructureFile
P15289	23	I	V	0.647	AF-P15289-F1-model_v4.pdb
P15289	29	D	N	0.575	AF-P15289-F1-model_v4.pdb
P15289	29	D	E	0.533	AF-P15289-F1-model_v4.pdb
P15289	30	D	H	0.459	AF-P15289-F1-model_v4.pdb
P15289	31	L	P	0.599	AF-P15289-F1-model_v4.pdb
P15289	32	G	S	0.708	AF-P15289-F1-model_v4.pdb
P15289	32	G	D	0.599	AF-P15289-F1-model_v4.pdb
P15289	33	Y	S	0.441	AF-P15289-F1-model_v4.pdb
P15289	37	G	R	0.493	AF-P15289-F1-model_v4.pdb
P15289	37	G	S	0.74	AF-P15289-F1-model_v4.pdb
P15289	37	G	D	0.604	AF-P15289-F1-model_v4.pdb
P15289	39	Y	C	0.585	AF-P15289-F1-model_v4.pdb
P15289	43	S	R	0.85	AF-P15289-F1-model_v4.pdb
P15289	44	S	P	0.716	AF-P15289-F1-model_v4.pdb
P15289	46	T	I	0.552	AF-P15289-F1-model_v4.pdb
P15289	52	L	P	0.572	AF-P15289-F1-model_v4.pdb
P15289	52	L	V	0.572	AF-P15289-F1-model_v4.pdb
P15289	58	R	W	0.303	AF-P15289-F1-model_v4.pdb
P15289	59	F	L	0.779	AF-P15289-F1-model_v4.pdb
P15289	64	V	A	0.62	AF-P15289-F1-model_v4.pdb
P15289	68	L	P	0.72	AF-P15289-F1-model_v4.pdb
P15289	71	P	L	0.642	AF-P15289-F1-model_v4.pdb
P15289	75	A	P	0.315	AF-P15289-F1-model_v4.pdb
P15289	79	G	S	0.282	AF-P15289-F1-model_v4.pdb
P15289	79	G	R	0.644	AF-P15289-F1-model_v4.pdb
P15289	80	R	P	0.534	AF-P15289-F1-model_v4.pdb
P15289	80	R	W	0.426	AF-P15289-F1-model_v4.pdb
P15289	81	L	P	0.579	AF-P15289-F1-model_v4.pdb
P15289	82	P	Q	0.616	AF-P15289-F1-model_v4.pdb
P15289	82	P	L	0.191	AF-P15289-F1-model_v4.pdb
P15289	84	R	W	0.324	AF-P15289-F1-model_v4.pdb
P15289	84	R	L	0.245	AF-P15289-F1-model_v4.pdb
P15289	84	R	Q	0.161	AF-P15289-F1-model_v4.pdb
P15289	88	Y	C	0.383	AF-P15289-F1-model_v4.pdb
P15289	90	G	D	0.815	AF-P15289-F1-model_v4.pdb
P15289	92	L	V	0.618	AF-P15289-F1-model_v4.pdb
P15289	93	V	M	0.735	AF-P15289-F1-model_v4.pdb
P15289	94	P	A	0.531	AF-P15289-F1-model_v4.pdb
P15289	95	S	N	0.775	AF-P15289-F1-model_v4.pdb
P15289	96	S	F	0.546	AF-P15289-F1-model_v4.pdb
P15289	96	S	L	0.711	AF-P15289-F1-model_v4.pdb
P15289	97	R	Q	0.762	AF-P15289-F1-model_v4.pdb
P15289	97	R	P	0.781	AF-P15289-F1-model_v4.pdb
P15289	99	G	V	0.549	AF-P15289-F1-model_v4.pdb
P15289	107	V	M	0.806	AF-P15289-F1-model_v4.pdb
P15289	108	A	T	0.496	AF-P15289-F1-model_v4.pdb
P15289	111	L	P	0.344	AF-P15289-F1-model_v4.pdb
P15289	114	R	G	0.727	AF-P15289-F1-model_v4.pdb
P15289	115	G	V	0.529	AF-P15289-F1-model_v4.pdb
P15289	115	G	D	0.681	AF-P15289-F1-model_v4.pdb
P15289	119	G	R	0.717	AF-P15289-F1-model_v4.pdb
P15289	122	G	C	0.13	AF-P15289-F1-model_v4.pdb
P15289	122	G	S	0.31	AF-P15289-F1-model_v4.pdb
P15289	126	L	R	0.562	AF-P15289-F1-model_v4.pdb
P15289	126	L	P	0.598	AF-P15289-F1-model_v4.pdb
P15289	127	G	R	0.412	AF-P15289-F1-model_v4.pdb
P15289	131	E	K	0.83	AF-P15289-F1-model_v4.pdb
P15289	133	A	D	0.765	AF-P15289-F1-model_v4.pdb
P15289	136	P	L	0.205	AF-P15289-F1-model_v4.pdb
P15289	136	P	S	0.312	AF-P15289-F1-model_v4.pdb
P15289	136	P	T	0.226	AF-P15289-F1-model_v4.pdb
P15289	137	P	T	0.801	AF-P15289-F1-model_v4.pdb
P15289	137	P	L	0.685	AF-P15289-F1-model_v4.pdb
P15289	138	H	Y	0.746	AF-P15289-F1-model_v4.pdb
P15289	138	H	D	0.325	AF-P15289-F1-model_v4.pdb
P15289	139	Q	K	0.507	AF-P15289-F1-model_v4.pdb
P15289	141	F	L	0.556	AF-P15289-F1-model_v4.pdb
P15289	143	R	Q	0.442	AF-P15289-F1-model_v4.pdb
P15289	144	F	L	0.555	AF-P15289-F1-model_v4.pdb
P15289	146	G	S	0.547	AF-P15289-F1-model_v4.pdb
P15289	146	G	R	0.295	AF-P15289-F1-model_v4.pdb
P15289	147	I	T	0.514	AF-P15289-F1-model_v4.pdb
P15289	148	P	L	0.386	AF-P15289-F1-model_v4.pdb
P15289	148	P	R	0.62	AF-P15289-F1-model_v4.pdb
P15289	150	S	T	0.512	AF-P15289-F1-model_v4.pdb
P15289	152	D	H	0.67	AF-P15289-F1-model_v4.pdb
P15289	152	D	N	0.812	AF-P15289-F1-model_v4.pdb
P15289	153	Q	H	0.701	AF-P15289-F1-model_v4.pdb
P15289	154	G	R	0.626	AF-P15289-F1-model_v4.pdb
P15289	154	G	D	0.319	AF-P15289-F1-model_v4.pdb
P15289	155	P	L	0.742	AF-P15289-F1-model_v4.pdb
P15289	156	C	F	0.645	AF-P15289-F1-model_v4.pdb
P15289	156	C	R	0.746	AF-P15289-F1-model_v4.pdb
P15289	157	Q	H	0.832	AF-P15289-F1-model_v4.pdb
P15289	159	L	P	0.627	AF-P15289-F1-model_v4.pdb
P15289	160	T	S	0.8	AF-P15289-F1-model_v4.pdb
P15289	162	F	L	0.727	AF-P15289-F1-model_v4.pdb
P15289	164	P	L	0.673	AF-P15289-F1-model_v4.pdb
P15289	165	A	V	0.639	AF-P15289-F1-model_v4.pdb
P15289	165	A	S	0.851	AF-P15289-F1-model_v4.pdb
P15289	169	D	N	0.667	AF-P15289-F1-model_v4.pdb
P15289	169	D	Y	0.746	AF-P15289-F1-model_v4.pdb
P15289	170	G	C	0.706	AF-P15289-F1-model_v4.pdb
P15289	170	G	S	0.726	AF-P15289-F1-model_v4.pdb
P15289	172	C	R	0.772	AF-P15289-F1-model_v4.pdb
P15289	175	G	D	0.747	AF-P15289-F1-model_v4.pdb
P15289	177	V	D	0.694	AF-P15289-F1-model_v4.pdb
P15289	177	V	G	0.633	AF-P15289-F1-model_v4.pdb
P15289	178	P	H	0.845	AF-P15289-F1-model_v4.pdb
P15289	179	I	S	0.434	AF-P15289-F1-model_v4.pdb
P15289	180	P	R	0.651	AF-P15289-F1-model_v4.pdb
P15289	181	L	Q	0.689	AF-P15289-F1-model_v4.pdb
P15289	183	A	S	0.692	AF-P15289-F1-model_v4.pdb
P15289	186	S	A	0.625	AF-P15289-F1-model_v4.pdb
P15289	187	V	M	0.559	AF-P15289-F1-model_v4.pdb
P15289	189	A	V	0.679	AF-P15289-F1-model_v4.pdb
P15289	191	P	T	0.661	AF-P15289-F1-model_v4.pdb
P15289	192	P	R	0.365	AF-P15289-F1-model_v4.pdb
P15289	192	P	A	0.78	AF-P15289-F1-model_v4.pdb
P15289	192	P	L	0.772	AF-P15289-F1-model_v4.pdb
P15289	193	W	C	0.574	AF-P15289-F1-model_v4.pdb
P15289	196	G	R	0.724	AF-P15289-F1-model_v4.pdb
P15289	199	A	V	0.663	AF-P15289-F1-model_v4.pdb
P15289	199	A	S	0.791	AF-P15289-F1-model_v4.pdb
P15289	200	R	C	0.383	AF-P15289-F1-model_v4.pdb
P15289	200	R	H	0.753	AF-P15289-F1-model_v4.pdb
P15289	201	Y	C	0.467	AF-P15289-F1-model_v4.pdb
P15289	201	Y	H	0.407	AF-P15289-F1-model_v4.pdb
P15289	204	F	V	0.383	AF-P15289-F1-model_v4.pdb
P15289	205	A	D	0.459	AF-P15289-F1-model_v4.pdb
P15289	205	A	T	0.663	AF-P15289-F1-model_v4.pdb
P15289	206	H	Y	0.823	AF-P15289-F1-model_v4.pdb
P15289	208	L	H	0.558	AF-P15289-F1-model_v4.pdb
P15289	208	L	P	0.394	AF-P15289-F1-model_v4.pdb
P15289	209	M	I	0.601	AF-P15289-F1-model_v4.pdb
P15289	211	D	N	0.653	AF-P15289-F1-model_v4.pdb
P15289	212	A	V	0.703	AF-P15289-F1-model_v4.pdb
P15289	212	A	D	0.322	AF-P15289-F1-model_v4.pdb
P15289	212	A	P	0.681	AF-P15289-F1-model_v4.pdb
P15289	212	A	T	0.547	AF-P15289-F1-model_v4.pdb
P15289	213	Q	H	0.675	AF-P15289-F1-model_v4.pdb
P15289	214	R	H	0.812	AF-P15289-F1-model_v4.pdb
P15289	214	R	C	0.377	AF-P15289-F1-model_v4.pdb
P15289	217	R	C	0.65	AF-P15289-F1-model_v4.pdb
P15289	217	R	H	0.499	AF-P15289-F1-model_v4.pdb
P15289	218	P	T	0.588	AF-P15289-F1-model_v4.pdb
P15289	218	P	S	0.501	AF-P15289-F1-model_v4.pdb
P15289	218	P	L	0.196	AF-P15289-F1-model_v4.pdb
P15289	219	F	I	0.302	AF-P15289-F1-model_v4.pdb
P15289	222	Y	C	0.483	AF-P15289-F1-model_v4.pdb
P15289	223	Y	C	0.34	AF-P15289-F1-model_v4.pdb
P15289	224	A	V	0.285	AF-P15289-F1-model_v4.pdb
P15289	225	S	C	0.415	AF-P15289-F1-model_v4.pdb
P15289	226	H	D	0.545	AF-P15289-F1-model_v4.pdb
P15289	227	H	Y	0.278	AF-P15289-F1-model_v4.pdb
P15289	229	H	Q	0.666	AF-P15289-F1-model_v4.pdb
P15289	231	P	A	0.574	AF-P15289-F1-model_v4.pdb
P15289	232	Q	R	0.302	AF-P15289-F1-model_v4.pdb
P15289	233	F	L	0.494	AF-P15289-F1-model_v4.pdb
P15289	236	Q	E	0.841	AF-P15289-F1-model_v4.pdb
P15289	241	R	H	0.646	AF-P15289-F1-model_v4.pdb
P15289	241	R	C	0.337	AF-P15289-F1-model_v4.pdb
P15289	242	S	L	0.688	AF-P15289-F1-model_v4.pdb
P15289	243	G	S	0.783	AF-P15289-F1-model_v4.pdb
P15289	244	R	C	0.364	AF-P15289-F1-model_v4.pdb
P15289	244	R	H	0.641	AF-P15289-F1-model_v4.pdb
P15289	245	G	R	0.45	AF-P15289-F1-model_v4.pdb
P15289	247	F	C	0.497	AF-P15289-F1-model_v4.pdb
P15289	247	F	S	0.628	AF-P15289-F1-model_v4.pdb
P15289	250	S	P	0.525	AF-P15289-F1-model_v4.pdb
P15289	250	S	Y	0.215	AF-P15289-F1-model_v4.pdb
P15289	251	L	V	0.868	AF-P15289-F1-model_v4.pdb
P15289	252	M	T	0.708	AF-P15289-F1-model_v4.pdb
P15289	253	E	K	0.744	AF-P15289-F1-model_v4.pdb
P15289	253	E	L	0.587	AF-P15289-F1-model_v4.pdb
P15289	255	D	N	0.503	AF-P15289-F1-model_v4.pdb
P15289	255	D	H	0.649	AF-P15289-F1-model_v4.pdb
P15289	255	D	E	0.577	AF-P15289-F1-model_v4.pdb
P15289	259	G	R	0.521	AF-P15289-F1-model_v4.pdb
P15289	265	I	T	0.302	AF-P15289-F1-model_v4.pdb
P15289	265	I	V	0.733	AF-P15289-F1-model_v4.pdb
P15289	266	G	V	0.644	AF-P15289-F1-model_v4.pdb
P15289	266	G	R	0.812	AF-P15289-F1-model_v4.pdb
P15289	269	G	R	0.563	AF-P15289-F1-model_v4.pdb
P15289	270	L	Q	0.781	AF-P15289-F1-model_v4.pdb
P15289	272	E	K	0.732	AF-P15289-F1-model_v4.pdb
P15289	274	T	S	0.414	AF-P15289-F1-model_v4.pdb
P15289	274	T	M	0.505	AF-P15289-F1-model_v4.pdb
P15289	275	L	P	0.458	AF-P15289-F1-model_v4.pdb
P15289	276	V	F	0.721	AF-P15289-F1-model_v4.pdb
P15289	277	I	K	0.645	AF-P15289-F1-model_v4.pdb
P15289	277	I	M	0.738	AF-P15289-F1-model_v4.pdb
P15289	279	T	I	0.524	AF-P15289-F1-model_v4.pdb
P15289	281	D	E	0.464	AF-P15289-F1-model_v4.pdb
P15289	281	D	N	0.5	AF-P15289-F1-model_v4.pdb
P15289	282	N	K	0.61	AF-P15289-F1-model_v4.pdb
P15289	282	N	S	0.639	AF-P15289-F1-model_v4.pdb
P15289	284	P	T	0.686	AF-P15289-F1-model_v4.pdb
P15289	284	P	S	0.836	AF-P15289-F1-model_v4.pdb
P15289	285	E	Q	0.75	AF-P15289-F1-model_v4.pdb
P15289	286	T	P	0.73	AF-P15289-F1-model_v4.pdb
P15289	286	T	N	0.803	AF-P15289-F1-model_v4.pdb
P15289	287	M	T	0.78	AF-P15289-F1-model_v4.pdb
P15289	288	R	S	0.6	AF-P15289-F1-model_v4.pdb
P15289	288	R	H	0.826	AF-P15289-F1-model_v4.pdb
P15289	288	R	C	0.507	AF-P15289-F1-model_v4.pdb
P15289	290	S	F	0.651	AF-P15289-F1-model_v4.pdb
P15289	291	R	Q	0.791	AF-P15289-F1-model_v4.pdb
P15289	293	G	D	0.631	AF-P15289-F1-model_v4.pdb
P15289	293	G	C	0.543	AF-P15289-F1-model_v4.pdb
P15289	293	G	S	0.682	AF-P15289-F1-model_v4.pdb
P15289	294	C	Y	0.739	AF-P15289-F1-model_v4.pdb
P15289	296	G	V	0.722	AF-P15289-F1-model_v4.pdb
P15289	296	G	S	0.678	AF-P15289-F1-model_v4.pdb
P15289	297	L	P	0.79	AF-P15289-F1-model_v4.pdb
P15289	297	L	F	0.617	AF-P15289-F1-model_v4.pdb
P15289	298	L	S	0.393	AF-P15289-F1-model_v4.pdb
P15289	298	L	F	0.801	AF-P15289-F1-model_v4.pdb
P15289	299	R	G	0.45	AF-P15289-F1-model_v4.pdb
P15289	299	R	Q	0.748	AF-P15289-F1-model_v4.pdb
P15289	299	R	W	0.568	AF-P15289-F1-model_v4.pdb
P15289	299	R	P	0.382	AF-P15289-F1-model_v4.pdb
P15289	301	G	R	0.682	AF-P15289-F1-model_v4.pdb
P15289	302	K	N	0.625	AF-P15289-F1-model_v4.pdb
P15289	302	K	R	0.429	AF-P15289-F1-model_v4.pdb
P15289	302	K	M	0.6	AF-P15289-F1-model_v4.pdb
P15289	304	T	M	0.43	AF-P15289-F1-model_v4.pdb
P15289	306	Y	H	0.515	AF-P15289-F1-model_v4.pdb
P15289	307	E	K	0.514	AF-P15289-F1-model_v4.pdb
P15289	307	E	Q	0.373	AF-P15289-F1-model_v4.pdb
P15289	308	G	V	0.347	AF-P15289-F1-model_v4.pdb
P15289	308	G	D	0.246	AF-P15289-F1-model_v4.pdb
P15289	309	G	A	0.434	AF-P15289-F1-model_v4.pdb
P15289	309	G	S	0.71	AF-P15289-F1-model_v4.pdb
P15289	309	G	D	0.456	AF-P15289-F1-model_v4.pdb
P15289	311	R	P	0.489	AF-P15289-F1-model_v4.pdb
P15289	311	R	Q	0.402	AF-P15289-F1-model_v4.pdb
P15289	312	E	D	0.268	AF-P15289-F1-model_v4.pdb
P15289	314	A	D	0.578	AF-P15289-F1-model_v4.pdb
P15289	314	A	T	0.67	AF-P15289-F1-model_v4.pdb
P15289	315	L	F	0.68	AF-P15289-F1-model_v4.pdb
P15289	317	F	C	0.603	AF-P15289-F1-model_v4.pdb
P15289	318	W	G	0.269	AF-P15289-F1-model_v4.pdb
P15289	318	W	C	0.395	AF-P15289-F1-model_v4.pdb
P15289	322	I	T	0.395	AF-P15289-F1-model_v4.pdb
P15289	322	I	V	0.935	AF-P15289-F1-model_v4.pdb
P15289	323	A	T	0.748	AF-P15289-F1-model_v4.pdb
P15289	325	G	S	0.667	AF-P15289-F1-model_v4.pdb
P15289	325	G	D	0.462	AF-P15289-F1-model_v4.pdb
P15289	327	T	I	0.459	AF-P15289-F1-model_v4.pdb
P15289	328	H	R	0.603	AF-P15289-F1-model_v4.pdb
P15289	329	E	R	0.537	AF-P15289-F1-model_v4.pdb
P15289	335	D	V	0.412	AF-P15289-F1-model_v4.pdb
P15289	336	L	P	0.592	AF-P15289-F1-model_v4.pdb
P15289	340	L	V	0.821	AF-P15289-F1-model_v4.pdb
P15289	342	A	D	0.409	AF-P15289-F1-model_v4.pdb
P15289	345	G	R	0.625	AF-P15289-F1-model_v4.pdb
P15289	348	L	Q	0.788	AF-P15289-F1-model_v4.pdb
P15289	350	N	H	0.477	AF-P15289-F1-model_v4.pdb
P15289	350	N	S	0.651	AF-P15289-F1-model_v4.pdb
P15289	352	T	S	0.787	AF-P15289-F1-model_v4.pdb
P15289	354	D	V	0.687	AF-P15289-F1-model_v4.pdb
P15289	355	G	V	0.394	AF-P15289-F1-model_v4.pdb
P15289	357	D	N	0.774	AF-P15289-F1-model_v4.pdb
P15289	357	D	Y	0.579	AF-P15289-F1-model_v4.pdb
P15289	358	L	P	0.476	AF-P15289-F1-model_v4.pdb
P15289	367	K	N	0.737	AF-P15289-F1-model_v4.pdb
P15289	370	R	W	0.439	AF-P15289-F1-model_v4.pdb
P15289	370	R	Q	0.561	AF-P15289-F1-model_v4.pdb
P15289	371	Q	P	0.523	AF-P15289-F1-model_v4.pdb
P15289	376	Y	N	0.47	AF-P15289-F1-model_v4.pdb
P15289	377	P	L	0.581	AF-P15289-F1-model_v4.pdb
P15289	377	P	Q	0.449	AF-P15289-F1-model_v4.pdb
P15289	379	Y	H	0.808	AF-P15289-F1-model_v4.pdb
P15289	381	D	E	0.727	AF-P15289-F1-model_v4.pdb
P15289	382	E	K	0.776	AF-P15289-F1-model_v4.pdb
P15289	384	R	H	0.885	AF-P15289-F1-model_v4.pdb
P15289	384	R	G	0.7	AF-P15289-F1-model_v4.pdb
P15289	384	R	C	0.612	AF-P15289-F1-model_v4.pdb
P15289	385	G	A	0.559	AF-P15289-F1-model_v4.pdb
P15289	385	G	V	0.526	AF-P15289-F1-model_v4.pdb
P15289	387	F	S	0.79	AF-P15289-F1-model_v4.pdb
P15289	389	V	G	0.585	AF-P15289-F1-model_v4.pdb
P15289	390	R	W	0.505	AF-P15289-F1-model_v4.pdb
P15289	390	R	Q	0.614	AF-P15289-F1-model_v4.pdb
P15289	390	R	L	0.591	AF-P15289-F1-model_v4.pdb
P15289	390	R	G	0.502	AF-P15289-F1-model_v4.pdb
P15289	391	T	A	0.761	AF-P15289-F1-model_v4.pdb
P15289	391	T	S	0.79	AF-P15289-F1-model_v4.pdb
P15289	392	G	R	0.53	AF-P15289-F1-model_v4.pdb
P15289	397	H	Q	0.617	AF-P15289-F1-model_v4.pdb
P15289	397	H	Y	0.453	AF-P15289-F1-model_v4.pdb
P15289	399	F	L	0.638	AF-P15289-F1-model_v4.pdb
P15289	401	Q	E	0.687	AF-P15289-F1-model_v4.pdb
P15289	403	S	P	0.764	AF-P15289-F1-model_v4.pdb
P15289	403	S	F	0.7	AF-P15289-F1-model_v4.pdb
P15289	404	A	S	0.857	AF-P15289-F1-model_v4.pdb
P15289	406	S	G	0.749	AF-P15289-F1-model_v4.pdb
P15289	406	S	T	0.701	AF-P15289-F1-model_v4.pdb
P15289	406	S	N	0.649	AF-P15289-F1-model_v4.pdb
P15289	408	T	I	0.736	AF-P15289-F1-model_v4.pdb
P15289	411	D	G	0.738	AF-P15289-F1-model_v4.pdb
P15289	416	A	T	0.821	AF-P15289-F1-model_v4.pdb
P15289	418	S	R	0.772	AF-P15289-F1-model_v4.pdb
P15289	419	S	C	0.656	AF-P15289-F1-model_v4.pdb
P15289	420	L	P	0.841	AF-P15289-F1-model_v4.pdb
P15289	422	A	V	0.751	AF-P15289-F1-model_v4.pdb
P15289	423	H	Y	0.574	AF-P15289-F1-model_v4.pdb
P15289	423	H	R	0.736	AF-P15289-F1-model_v4.pdb
P15289	423	H	D	0.69	AF-P15289-F1-model_v4.pdb
P15289	424	E	G	0.561	AF-P15289-F1-model_v4.pdb
P15289	425	P	S	0.698	AF-P15289-F1-model_v4.pdb
P15289	426	P	L	0.508	AF-P15289-F1-model_v4.pdb
P15289	427	L	P	0.6	AF-P15289-F1-model_v4.pdb
P15289	428	L	F	0.569	AF-P15289-F1-model_v4.pdb
P15289	428	L	P	0.381	AF-P15289-F1-model_v4.pdb
P15289	429	Y	S	0.572	AF-P15289-F1-model_v4.pdb
P15289	429	Y	C	0.409	AF-P15289-F1-model_v4.pdb
P15289	430	D	Y	0.524	AF-P15289-F1-model_v4.pdb
P15289	431	L	V	0.837	AF-P15289-F1-model_v4.pdb
P15289	434	D	N	0.594	AF-P15289-F1-model_v4.pdb
P15289	435	P	T	0.586	AF-P15289-F1-model_v4.pdb
P15289	436	G	V	0.565	AF-P15289-F1-model_v4.pdb
P15289	436	G	S	0.741	AF-P15289-F1-model_v4.pdb
P15289	438	N	K	0.851	AF-P15289-F1-model_v4.pdb
P15289	440	N	S	0.616	AF-P15289-F1-model_v4.pdb
P15289	443	G	V	0.446	AF-P15289-F1-model_v4.pdb
P15289	447	G	R	0.872	AF-P15289-F1-model_v4.pdb
P15289	450	P	L	0.69	AF-P15289-F1-model_v4.pdb
P15289	453	L	P	0.622	AF-P15289-F1-model_v4.pdb
P15289	455	A	T	0.765	AF-P15289-F1-model_v4.pdb
P15289	457	K	E	0.777	AF-P15289-F1-model_v4.pdb
P15289	457	K	R	0.846	AF-P15289-F1-model_v4.pdb
P15289	458	Q	E	0.833	AF-P15289-F1-model_v4.pdb
P15289	462	L	P	0.352	AF-P15289-F1-model_v4.pdb
P15289	464	A	V	0.688	AF-P15289-F1-model_v4.pdb
P15289	468	A	T	0.496	AF-P15289-F1-model_v4.pdb
P15289	469	A	G	0.594	AF-P15289-F1-model_v4.pdb
P15289	473	G	S	0.743	AF-P15289-F1-model_v4.pdb
P15289	476	Q	H	0.343	AF-P15289-F1-model_v4.pdb
P15289	477	V	M	0.853	AF-P15289-F1-model_v4.pdb
P15289	478	A	V	0.605	AF-P15289-F1-model_v4.pdb
P15289	479	R	W	0.736	AF-P15289-F1-model_v4.pdb
P15289	479	R	Q	0.721	AF-P15289-F1-model_v4.pdb
P15289	480	G	S	0.731	AF-P15289-F1-model_v4.pdb
P15289	480	G	D	0.665	AF-P15289-F1-model_v4.pdb
P15289	481	E	K	0.706	AF-P15289-F1-model_v4.pdb
P15289	482	D	H	0.719	AF-P15289-F1-model_v4.pdb
P15289	483	P	S	0.687	AF-P15289-F1-model_v4.pdb
P15289	484	A	T	0.715	AF-P15289-F1-model_v4.pdb
P15289	488	C	R	0.742	AF-P15289-F1-model_v4.pdb
P15289	489	C	G	0.583	AF-P15289-F1-model_v4.pdb
P15289	493	C	F	0.442	AF-P15289-F1-model_v4.pdb
P15289	494	T	I	0.734	AF-P15289-F1-model_v4.pdb
P15289	496	R	L	0.718	AF-P15289-F1-model_v4.pdb
P15289	496	R	H	0.796	AF-P15289-F1-model_v4.pdb
P15289	496	R	P	0.416	AF-P15289-F1-model_v4.pdb
P15289	501	H	Y	0.861	AF-P15289-F1-model_v4.pdb
